// Main M6502 ROM mapped at 0x3000-0x7fff; last 0x1000 mirrored at 0xf000.
const unsigned char scregg_rom[] = {
  0x4C,0x8B,0x30,0x4C,0x8B,0x30,0x4C,0x09,0x30,0x48,0x8A,0x48,0x98,0x48,0xD8,0xAD,
  0x02,0x20,0x49,0xFF,0x29,0xC0,0xD0,0x0C,0x20,0x9A,0x79,0x8D,0x01,0x20,0x68,0xA8,
  0x68,0xAA,0x68,0x40,0x85,0x0F,0xA0,0x03,0x20,0x7C,0x30,0xAD,0x02,0x20,0x49,0xFF,
  0x25,0x0F,0xF0,0xE7,0x88,0x10,0xF1,0xAD,0x02,0x20,0x49,0xFF,0x25,0x0F,0xD0,0xF7,
  0xA9,0x07,0x85,0x1B,0xAD,0x00,0x20,0x49,0xFF,0x29,0x0F,0x24,0x0F,0x10,0x02,0x4A,
  0x4A,0x29,0x03,0xAA,0xC9,0x03,0xD0,0x0C,0xE6,0x11,0xA5,0x11,0xC9,0x02,0x90,0xBB,
  0xA9,0x00,0x85,0x11,0xF8,0xBD,0x87,0x30,0x18,0x65,0x10,0x85,0x10,0xD8,0xA5,0x12,
  0xD0,0xA9,0x68,0x68,0x68,0x8D,0x01,0x20,0x58,0x4C,0xB8,0x30,0xA2,0xE7,0xA5,0xFF,
  0xA5,0xFF,0xEA,0xCA,0xD0,0xF8,0x60,0x01,0x03,0x02,0x01,0x78,0xD8,0xA2,0xFF,0x9A,
  0xA9,0x00,0x8D,0x00,0x20,0x8D,0x01,0x20,0x20,0xE3,0x53,0x20,0xEF,0x53,0x20,0x02,
  0x54,0x20,0x2C,0x73,0x20,0x41,0x73,0x20,0x92,0x61,0xA2,0x02,0xBD,0x03,0x04,0x95,
  0x15,0xCA,0x10,0xF8,0x58,0x4C,0xF1,0x30,0x20,0x29,0x54,0x20,0x52,0x54,0x20,0x4F,
  0x5B,0xA9,0x00,0x85,0x0D,0x85,0x0E,0x20,0xCB,0x61,0xA9,0x00,0x85,0x13,0xAD,0x03,
  0x20,0x49,0xFF,0x29,0xC0,0xF0,0xF0,0xC9,0x40,0xF0,0x0F,0xC9,0x80,0xD0,0xE8,0xA5,
  0x10,0xC9,0x02,0x90,0xE2,0x20,0xB3,0x54,0xE6,0x13,0x20,0xB3,0x54,0xA9,0x01,0x85,
  0x12,0xE6,0x13,0x20,0x24,0x54,0x20,0x52,0x54,0xA2,0x49,0x20,0xE5,0x53,0x20,0x32,
  0x57,0x20,0x6D,0x5B,0xA5,0x12,0x48,0xD0,0x06,0x20,0x75,0x58,0x20,0x52,0x54,0xA9,
  0x13,0x20,0x9C,0x54,0x68,0xF0,0x13,0xA2,0x02,0xA9,0x00,0x95,0x4E,0xCA,0x10,0xFB,
  0xA9,0x00,0x20,0x8E,0x5A,0xA9,0x01,0x20,0x8E,0x5A,0x20,0x95,0x59,0x20,0x9D,0x59,
  0x20,0x2C,0x55,0xA9,0x02,0x20,0x8E,0x5A,0xA9,0x00,0x85,0x14,0xA9,0xFF,0x85,0x56,
  0x85,0x60,0xA9,0x00,0x85,0x57,0x85,0x61,0xA9,0x80,0x85,0x54,0x85,0x5E,0x20,0xBD,
  0x54,0x20,0x45,0x5A,0xA9,0x00,0x85,0x19,0x20,0x3C,0x34,0x50,0x07,0xA5,0x14,0x8D,
  0x00,0x20,0x85,0x19,0x20,0x78,0x32,0xA9,0x03,0x20,0x8E,0x5A,0x20,0x29,0x54,0x20,
  0x52,0x54,0x20,0x83,0x57,0x20,0xDB,0x57,0x20,0xE5,0x54,0x20,0x78,0x5B,0xC6,0x4B,
  0x20,0x45,0x5A,0xA9,0x01,0x8D,0x00,0x18,0xA9,0x41,0x8D,0x01,0x18,0xA9,0x80,0x8D,
  0x02,0x18,0xA9,0x78,0x8D,0x03,0x18,0xA9,0x70,0x20,0x60,0x56,0x20,0xE1,0x54,0x20,
  0x27,0x33,0xA5,0x49,0x29,0x03,0xF0,0x08,0xC9,0x01,0xF0,0x13,0xC9,0x02,0xF0,0x09,
  0x20,0xE5,0x38,0x20,0xB7,0x40,0x20,0x17,0x4A,0x20,0xA1,0x3C,0x20,0x09,0x4F,0x20,
  0x87,0x54,0x20,0x6C,0x54,0xA5,0x12,0xF0,0x13,0xA5,0x14,0x20,0x8E,0x5A,0x20,0x9C,
  0x55,0xA9,0x02,0x20,0x8E,0x5A,0x20,0x66,0x55,0x20,0x05,0x57,0x20,0x36,0x58,0xAD,
  0x00,0x20,0x30,0xF8,0x20,0x60,0x54,0x20,0x4D,0x71,0xAD,0x00,0x20,0x10,0xFB,0xE6,
  0xE7,0xA5,0x49,0x29,0x03,0xD0,0x03,0x20,0xF3,0x4F,0x24,0x49,0x10,0xA1,0x50,0x0B,
  0xE6,0x4B,0x20,0xEC,0x32,0xA5,0x4A,0x09,0x80,0x85,0x4A,0xA5,0x12,0xD0,0x03,0x4C,
  0xF3,0x30,0xA5,0x84,0xD0,0xA3,0x24,0xEB,0x30,0x9F,0x20,0xCE,0x54,0x20,0xFD,0x55,
  0x24,0x49,0x50,0x03,0x4C,0x4E,0x31,0xA9,0x80,0x20,0x60,0x56,0xA5,0x4B,0xF0,0x14,
  0xA5,0x13,0xC9,0x02,0xB0,0x03,0x4C,0x4E,0x31,0xE6,0x14,0xA5,0x14,0x29,0x01,0x85,
  0x14,0x4C,0x4E,0x31,0xA9,0x14,0x20,0x9C,0x54,0x20,0x52,0x54,0x20,0x93,0x5B,0xA9,
  0xC0,0x20,0x60,0x56,0x20,0x29,0x54,0x20,0xB4,0x5E,0xA9,0x80,0x20,0x9C,0x54,0xC6,
  0x13,0xD0,0xD6,0xA9,0x00,0x8D,0x00,0x20,0x85,0x14,0x85,0x12,0x85,0x19,0xA5,0x10,
  0xD0,0x03,0x4C,0xF1,0x30,0x4C,0xB8,0x30,0xA2,0x68,0x20,0xE5,0x53,0xA2,0x00,0xA9,
  0x00,0x9D,0x00,0x02,0xE8,0xD0,0xFA,0xA9,0x00,0x85,0x18,0x24,0x4A,0x10,0x32,0xE6,
  0x4C,0xF8,0xA5,0x4D,0x18,0x69,0x01,0x85,0x4D,0xD8,0x20,0xBB,0x55,0xA5,0x4C,0x29,
  0x07,0xA8,0xB9,0xE4,0x32,0x85,0x51,0x20,0xBC,0x53,0xA5,0x12,0xD0,0x06,0xA9,0x00,
  0x85,0x52,0x85,0x53,0xA0,0x01,0xBE,0xE0,0x32,0xB9,0xE2,0x32,0x95,0x00,0x88,0x10,
  0xF5,0xA5,0x4C,0x29,0x07,0x0A,0xAA,0xBD,0xED,0x55,0x85,0xE4,0xBD,0xEE,0x55,0x85,
  0xE5,0xA9,0x00,0x85,0xE6,0xA5,0x4A,0x29,0x20,0x85,0x4A,0xA9,0x00,0x85,0x49,0x60,
  0xAA,0xBD,0x00,0x10,0x18,0x14,0x1A,0x1C,0x18,0x14,0x18,0x18,0xA9,0x15,0x20,0x9C,
  0x54,0xA9,0x80,0x85,0x05,0xA5,0x05,0x29,0x08,0x4A,0x4A,0x4A,0xAA,0xBD,0x25,0x33,
  0x05,0x19,0x8D,0x00,0x20,0xA9,0x01,0x20,0x60,0x56,0xC6,0x05,0xD0,0xE7,0x20,0x52,
  0x54,0x20,0x45,0x5A,0xA9,0x80,0x20,0x60,0x56,0x20,0x95,0x59,0x20,0x9D,0x59,0xA9,
  0x00,0x20,0x9C,0x54,0x60,0x00,0x10,0x20,0x45,0x33,0x20,0x64,0x33,0x90,0x06,0x20,
  0x85,0x33,0x20,0xB6,0x35,0x20,0x2D,0x36,0x20,0xD5,0x35,0x20,0x81,0x37,0x20,0x3C,
  0x37,0x20,0x84,0x38,0x60,0xA5,0x68,0x29,0x20,0xD0,0x18,0xA9,0x00,0x85,0x6C,0x85,
  0x6D,0x85,0x6E,0x85,0x72,0x85,0x6F,0xA9,0x78,0x85,0x6A,0xA9,0x80,0x85,0x6B,0xA9,
  0x20,0x85,0x68,0x60,0xC6,0x69,0xA9,0x07,0xC5,0x69,0xB0,0x02,0x85,0x69,0xA6,0x69,
  0xA5,0x79,0x4A,0x4A,0xA8,0xB9,0x7D,0x33,0x4A,0xCA,0x10,0xFC,0x60,0xDA,0xAA,0x94,
  0x88,0x80,0x80,0x80,0x80,0xA5,0x12,0xD0,0x03,0x4C,0x02,0x35,0xA5,0x68,0xAA,0x29,
  0xCE,0xD0,0x66,0x8A,0x29,0x10,0xF0,0x03,0x4C,0x0D,0x34,0xA9,0x00,0x85,0x70,0x20,
  0x3C,0x34,0x29,0x0F,0xAA,0xBD,0x4B,0x34,0x10,0x02,0xA5,0x6C,0x85,0x6D,0xD0,0x06,
  0xA5,0x6C,0xD0,0x02,0xA5,0x6E,0x24,0x7A,0x30,0x02,0x85,0x7B,0xA4,0x6D,0xB9,0x5B,
  0x34,0x85,0x05,0xA6,0x05,0x10,0x02,0xA2,0x01,0xB5,0x6A,0x29,0x0F,0xDD,0x60,0x34,
  0xD0,0x28,0x24,0x05,0x10,0x03,0xCA,0x10,0xF0,0x20,0x67,0x34,0x90,0x26,0xA5,0x6D,
  0x85,0x6C,0xA5,0x6A,0x85,0x07,0xA5,0x6B,0x85,0x08,0xA5,0x6C,0xD0,0x0B,0xA5,0x6E,
  0x20,0x8C,0x34,0xB0,0x04,0xA9,0x80,0x85,0x70,0x60,0xA5,0x6C,0x85,0x6D,0x20,0x67,
  0x34,0x90,0x05,0x60,0xA9,0x80,0x85,0x70,0xA9,0x00,0x85,0x6C,0x60,0xA5,0x6C,0x29,
  0x01,0xD0,0x0B,0xA5,0x6A,0x29,0xF0,0x09,0x08,0x85,0x6A,0x4C,0x31,0x34,0xA5,0x6B,
  0xA8,0x29,0x0F,0xC9,0x08,0x90,0x05,0x98,0x18,0x69,0x10,0xA8,0x98,0x29,0xF0,0x85,
  0x6B,0xA5,0x68,0x29,0xEF,0x85,0x68,0xA5,0x6C,0x85,0x6D,0x60,0xA2,0x00,0x2C,0x00,
  0x20,0x50,0x02,0xA6,0x14,0xBD,0x02,0x20,0x49,0xFF,0x60,0x00,0x02,0x04,0xFF,0x01,
  0xFF,0xFF,0xFF,0x03,0xFF,0xFF,0xFF,0xFF,0xFF,0xFF,0xFF,0x80,0x00,0x01,0x00,0x01,
  0x08,0x00,0x00,0x03,0x04,0x01,0x02,0x20,0x76,0x34,0xB0,0x01,0x60,0xA5,0x09,0x85,
  0x6A,0xA5,0x0A,0x85,0x6B,0x60,0xA5,0x6A,0x85,0x07,0xA5,0x6B,0x85,0x08,0xA5,0x6D,
  0x48,0x20,0x8C,0x34,0x68,0x90,0x04,0x20,0xB2,0x34,0x38,0x60,0x0A,0x0A,0xAA,0xA9,
  0x01,0x85,0x0B,0xA5,0x07,0x18,0x7D,0xC6,0x34,0x85,0x05,0xA5,0x08,0x18,0x7D,0xC7,
  0x34,0x85,0x06,0x20,0xE4,0x34,0xD0,0x08,0xE8,0xE8,0xC6,0x0B,0x10,0xE5,0x38,0x60,
  0x18,0x60,0x0A,0xAA,0xA5,0x07,0x18,0x7D,0xDA,0x34,0x85,0x09,0xA5,0x08,0x18,0x7D,
  0xDB,0x34,0x85,0x0A,0x38,0x60,0x00,0x00,0x00,0x00,0xF8,0xF7,0x07,0xF7,0x08,0xF8,
  0x08,0x07,0xF8,0x08,0x07,0x08,0xF7,0xF8,0xF7,0x07,0x00,0x00,0x00,0xFE,0x02,0x00,
  0x00,0x02,0xFE,0x00,0x46,0x06,0x46,0x06,0x46,0x06,0x46,0x06,0x66,0x05,0x46,0x06,
  0x66,0x05,0x46,0x06,0x66,0x05,0xA5,0x06,0x18,0x69,0x10,0x85,0x06,0xA0,0x00,0xB1,
  0x05,0x60,0xA5,0x68,0xAA,0x29,0xCE,0xD0,0x08,0x8A,0x29,0x10,0xF0,0x04,0x4C,0x0D,
  0x34,0x60,0xA5,0x76,0xF0,0x07,0xC6,0x76,0xA5,0x75,0x4C,0xAC,0x33,0xA2,0x00,0xAD,
  0x01,0x20,0x30,0x02,0xA2,0x02,0xBD,0x56,0x35,0x85,0x05,0xBD,0x57,0x35,0x85,0x06,
  0xA4,0x74,0xB1,0x05,0xAA,0x29,0x0F,0x85,0x75,0xC8,0xB1,0x05,0x85,0x76,0xC8,0x84,
  0x74,0x8A,0x10,0xD4,0xA2,0x00,0x86,0x70,0x29,0x40,0xF0,0x04,0xA2,0x80,0x86,0x70,
  0x20,0xE7,0x35,0x4C,0x18,0x35,0x5A,0x35,0x5A,0x35,0x01,0x07,0x02,0x01,0xC2,0x00,
  0x01,0x17,0x04,0x30,0x03,0x07,0x02,0x01,0xC2,0x00,0x00,0x20,0x02,0x01,0xC2,0x00,
  0x00,0x08,0x03,0x08,0x03,0x08,0x02,0x30,0x01,0x08,0x81,0x10,0x04,0x08,0xC4,0x00,
  0x03,0x07,0x82,0x2F,0x03,0x0F,0x04,0x2F,0x01,0x0F,0x82,0x07,0x03,0x08,0xC3,0x00,
  0x00,0x10,0xC3,0x00,0x00,0x10,0xC3,0x00,0x03,0x07,0x02,0x0F,0xC2,0x00,0x00,0x10,
  0xC2,0x00,0x00,0x10,0xC2,0x00,0x02,0x0F,0x00,0x08,0xC2,0x00,0x00,0x08,0x02,0x0F,
  0x03,0x37,0x00,0xFF,0x00,0xFF,0xA5,0x68,0x29,0xCE,0xD0,0x18,0xA5,0x6D,0xF0,0x02,
  0x85,0x6E,0xA5,0x68,0x29,0x01,0xD0,0x0C,0xA5,0x6A,0x85,0x7C,0xA5,0x6B,0x85,0x7D,
  0xA5,0x6E,0x85,0x7B,0x60,0xA5,0x12,0xF0,0x33,0x20,0x3C,0x34,0x29,0x10,0xC5,0x6F,
  0xF0,0x2A,0x85,0x6F,0xAA,0xF0,0x25,0xA5,0x70,0x30,0x22,0xA5,0x68,0x29,0xDF,0xD0,
  0x1B,0xA5,0x6E,0xF0,0x17,0xA5,0x7A,0x30,0x13,0xA9,0x80,0x85,0x7A,0xA5,0x6E,0x85,
  0x7B,0xA5,0x68,0x09,0x01,0x85,0x68,0xA9,0x01,0x20,0x9C,0x54,0x60,0xA9,0x5E,0x24,
  0x68,0xD0,0x19,0x30,0x17,0xA5,0x84,0x29,0x01,0xD0,0x11,0xA9,0xFF,0x85,0x72,0x85,
  0x71,0xA5,0x68,0x09,0x80,0x85,0x68,0xA9,0x09,0x20,0x9C,0x54,0x60,0x24,0x68,0x10,
  0x3A,0x70,0x37,0xC6,0x71,0xA9,0x03,0xC5,0x71,0xB0,0x2F,0x85,0x71,0xE6,0x72,0xA6,
  0x6E,0xCA,0x86,0x05,0xA5,0x68,0x29,0x01,0x0A,0x0A,0x05,0x05,0x0A,0x0A,0x0A,0x65,
  0x72,0xAA,0xBD,0xFC,0x36,0x8D,0x01,0x02,0xA6,0x6E,0xBD,0xCC,0x38,0x8D,0x00,0x02,
  0xA5,0x72,0xC9,0x06,0xB0,0x45,0xC9,0x03,0xF0,0x10,0x60,0xE6,0x78,0xD0,0x0A,0xE6,
  0x79,0xA9,0x1C,0xC5,0x79,0xB0,0x02,0x85,0x79,0x60,0xA5,0x6A,0x85,0x07,0xA5,0x6B,
  0x85,0x08,0xA5,0x6E,0x20,0x8C,0x34,0xB0,0x21,0xC9,0x70,0x90,0x1D,0xC9,0xC0,0x90,
  0x27,0xA5,0x6E,0x8D,0x20,0x02,0x0A,0xAA,0xA5,0x6A,0x18,0x7D,0x25,0x46,0x8D,0x21,
  0x02,0xA5,0x6B,0x18,0x7D,0x26,0x46,0x8D,0x22,0x02,0x60,0xA5,0x68,0x29,0x7F,0x85,
  0x68,0xA9,0x00,0x85,0x72,0x85,0x71,0x60,0x24,0xEB,0x30,0x35,0xA2,0x80,0xC9,0x78,
  0x90,0x02,0xA2,0x82,0x86,0xE8,0xA5,0x6E,0x0A,0xAA,0xA5,0x6A,0x18,0x7D,0x25,0x46,
  0x85,0xE9,0x85,0x05,0xA5,0x6B,0x18,0x7D,0x26,0x46,0x85,0xEA,0x85,0x06,0xC6,0x05,
  0xC6,0x06,0x20,0xE4,0x34,0xA2,0x03,0xA9,0x00,0xBC,0xF8,0x36,0x91,0x05,0xCA,0x10,
  0xF8,0xA9,0x00,0x85,0x78,0x85,0x79,0x60,0x00,0x01,0x20,0x21,0x44,0x2A,0x2B,0x2C,
  0x2B,0x2A,0x44,0x44,0x42,0x24,0x25,0x26,0x25,0x24,0x42,0x42,0x44,0x2A,0x2B,0x2C,
  0x2B,0x2A,0x44,0x44,0x42,0x24,0x25,0x26,0x25,0x24,0x42,0x42,0x48,0x2D,0x2E,0x2F,
  0x2E,0x2D,0x48,0x48,0x46,0x27,0x28,0x29,0x28,0x27,0x46,0x46,0x48,0x2D,0x2E,0x2F,
  0x2E,0x2D,0x48,0x48,0x46,0x27,0x28,0x29,0x28,0x27,0x46,0x46,0x24,0x68,0x50,0x31,
  0x24,0x72,0x30,0x0E,0xA9,0x80,0x85,0x72,0xA9,0x40,0x85,0x71,0xA5,0x49,0x09,0x01,
  0x85,0x49,0xC6,0x71,0x10,0x1B,0xA5,0x49,0x09,0x04,0x85,0x49,0xA9,0x08,0x85,0x71,
  0xE6,0x72,0xA5,0x72,0xC9,0x86,0xF0,0x0A,0x29,0x0F,0xAA,0xBD,0x79,0x37,0x8D,0x01,
  0x02,0x60,0xA9,0x80,0x05,0x49,0x85,0x49,0x60,0x41,0x6A,0x6B,0x6C,0x6D,0x6E,0x6F,
  0x40,0xA5,0x68,0xAA,0x29,0x40,0xD0,0x5A,0x8A,0x29,0x02,0xD0,0x56,0x8A,0x29,0x0C,
  0xF0,0x50,0xA9,0x00,0x85,0x72,0x85,0x71,0xA5,0x6A,0x85,0x07,0xA5,0x6B,0x85,0x08,
  0xA5,0x6C,0x20,0x8C,0x34,0xB0,0x3B,0xA5,0x85,0x09,0x01,0x85,0x85,0xA9,0x02,0x05,
  0x68,0x85,0x68,0xA5,0x49,0x09,0x02,0x85,0x49,0xA9,0x00,0x85,0x72,0xA5,0x68,0x4A,
  0x26,0x72,0x18,0xA5,0x6E,0x29,0x01,0xF0,0x01,0x38,0x26,0x72,0x18,0xA5,0x6C,0x29,
  0x01,0xF0,0x01,0x38,0x26,0x72,0x06,0x72,0x06,0x72,0x06,0x72,0x06,0x72,0xA9,0x00,
  0x85,0x73,0x60,0xA6,0x72,0xBD,0x06,0x38,0x8D,0x01,0x02,0xA6,0x6C,0xBD,0xCC,0x38,
  0x8D,0x00,0x02,0xE6,0x72,0xE6,0x73,0xA5,0x73,0xC9,0x0C,0x90,0x06,0xA9,0x84,0x05,
  0x49,0x85,0x49,0x60,0x42,0x42,0x42,0x4A,0x4A,0x4A,0x4B,0x4B,0x4B,0x4C,0x4C,0x4C,
  0x4D,0x4D,0x4D,0x40,0x42,0x42,0x42,0x4E,0x4E,0x4E,0x4F,0x4F,0x4F,0x50,0x50,0x50,
  0x51,0x51,0x51,0x40,0x44,0x44,0x44,0x52,0x52,0x52,0x53,0x53,0x53,0x54,0x54,0x54,
  0x55,0x55,0x55,0x40,0x44,0x44,0x44,0x56,0x56,0x56,0x57,0x57,0x57,0x58,0x58,0x58,
  0x59,0x59,0x59,0x40,0x46,0x46,0x46,0x5A,0x5A,0x5A,0x5B,0x5B,0x5B,0x5C,0x5C,0x5C,
  0x5D,0x5D,0x5D,0x40,0x46,0x46,0x46,0x5E,0x5E,0x5E,0x5F,0x5F,0x5F,0x60,0x60,0x60,
  0x61,0x61,0x61,0x40,0x48,0x48,0x48,0x62,0x62,0x62,0x63,0x63,0x63,0x64,0x64,0x64,
  0x65,0x65,0x65,0x40,0x48,0x48,0x48,0x66,0x66,0x66,0x67,0x67,0x67,0x68,0x68,0x68,
  0x69,0x69,0x69,0x40,0xA5,0x68,0x29,0xC2,0xD0,0x2F,0xA6,0x6E,0xBD,0xCC,0x38,0x8D,
  0x00,0x02,0xC6,0x71,0xA9,0x07,0xC5,0x71,0xB0,0x08,0x85,0x71,0xA5,0x72,0x49,0x01,
  0x85,0x72,0xA5,0x68,0x29,0x01,0xF0,0x05,0x8A,0x18,0x69,0x05,0xAA,0x8A,0x0A,0x18,
  0x65,0x72,0xAA,0xBD,0xD1,0x38,0x8D,0x01,0x02,0xA5,0x6A,0x18,0x69,0x07,0x49,0xFF,
  0x8D,0x02,0x02,0xA5,0x6B,0x38,0xE9,0x08,0x8D,0x03,0x02,0x60,0x01,0x01,0x01,0x05,
  0x03,0x41,0x41,0x44,0x45,0x42,0x43,0x44,0x45,0x42,0x43,0x46,0x46,0x48,0x49,0x46,
  0x47,0x48,0x49,0x46,0x47,0xA5,0x7A,0x10,0x2A,0x29,0x0C,0xF0,0x0E,0xA5,0x7A,0x29,
  0x02,0xD0,0x08,0xA5,0x7A,0x29,0x8C,0x09,0x02,0x85,0x7A,0xA5,0x7A,0x29,0x0F,0xD0,
  0x03,0x4C,0x14,0x39,0xC9,0x01,0xD0,0x03,0x4C,0x77,0x3A,0x29,0x0E,0xF0,0x03,0x4C,
  0xAE,0x39,0x60,0x60,0x24,0x7A,0x70,0x0F,0xA9,0xC0,0x85,0x7A,0xA5,0x7B,0x85,0x81,
  0xA9,0x00,0x85,0x80,0x20,0x59,0x39,0xA5,0x7C,0x85,0x07,0xA5,0x7D,0x85,0x08,0xA5,
  0x7B,0x20,0x8C,0x34,0x90,0x17,0xA0,0x00,0x20,0x89,0x3C,0x90,0x10,0xA2,0x85,0x20,
  0xA4,0x3B,0xD0,0x03,0x20,0x82,0x39,0x20,0x67,0x39,0x4C,0x55,0x39,0xA9,0x81,0x85,
  0x7A,0xA5,0x7B,0x85,0x83,0x20,0x00,0x3C,0x60,0xA6,0x7B,0xBD,0x79,0x39,0x8D,0x14,
  0x02,0xBD,0x7D,0x39,0x8D,0x15,0x02,0xA5,0x7C,0x18,0x69,0x07,0x49,0xFF,0x8D,0x16,
  0x02,0xA5,0x7D,0x38,0xE9,0x08,0x8D,0x17,0x02,0x60,0x01,0x01,0x05,0x03,0x71,0x70,
  0x71,0x70,0xA5,0x80,0xD0,0x07,0xA9,0xFF,0x85,0x80,0x4C,0xA3,0x39,0xA6,0x7B,0xA5,
  0x7C,0x18,0x7D,0xA5,0x39,0x29,0xFC,0x85,0x7C,0xA5,0x7D,0x18,0x7D,0xA9,0x39,0x29,
  0xFC,0x85,0x7D,0xC6,0x80,0x60,0x00,0x04,0x00,0xFC,0xFC,0x00,0x04,0x00,0x24,0x7A,
  0x70,0x7E,0xA5,0x7A,0x09,0x02,0x85,0x7A,0x29,0x0C,0xD0,0x2A,0xA5,0x7B,0x29,0x01,
  0xAA,0xB5,0x7C,0x29,0x0F,0xF0,0x09,0x20,0x82,0x39,0x20,0x67,0x39,0x4C,0x64,0x3A,
  0xA5,0x81,0x85,0x7B,0xA5,0x7A,0x29,0x01,0xD0,0x05,0xA9,0x80,0x4C,0xE1,0x39,0xA9,
  0x81,0x85,0x7A,0x4C,0x64,0x3A,0xA5,0x7C,0x85,0x07,0xA5,0x7D,0x85,0x08,0xA5,0x7B,
  0x20,0x8C,0x34,0x90,0x14,0xA6,0x7B,0xBD,0x6E,0x3A,0x8D,0x14,0x02,0xBD,0x72,0x3A,
  0x8D,0x15,0x02,0x20,0x67,0x39,0x4C,0x64,0x3A,0x24,0x7A,0x70,0x23,0xA6,0x7B,0xBD,
  0x6E,0x3A,0x8D,0x14,0x02,0xBD,0x72,0x3A,0x8D,0x15,0x02,0x20,0x67,0x39,0xA9,0x00,
  0x85,0x7E,0x85,0x7F,0xA9,0x40,0x05,0x7A,0x85,0x7A,0xA5,0x85,0x09,0x01,0x85,0x85,
  0xA5,0x7F,0xD0,0x2E,0xA4,0x7E,0xD0,0x09,0xA9,0x07,0x85,0x7F,0xE6,0x7E,0x4C,0x64,
  0x3A,0xC0,0x03,0xF0,0x15,0xA6,0x7B,0xBD,0x67,0x3A,0x18,0x65,0x7E,0x8D,0x15,0x02,
  0xB9,0x6C,0x3A,0x85,0x7F,0xE6,0x7E,0x4C,0x64,0x3A,0xA9,0x40,0x8D,0x15,0x02,0x4C,
  0x66,0x3B,0xC6,0x7F,0x20,0x00,0x3C,0x60,0x77,0x71,0x77,0x71,0x00,0x03,0x04,0x01,
  0x01,0x05,0x03,0x71,0x70,0x71,0x70,0x24,0x7A,0x70,0x5E,0xA0,0x00,0xA9,0x00,0x85,
  0x82,0xA5,0x7C,0x38,0xF9,0x6E,0x3B,0x85,0x7E,0x18,0x79,0x70,0x3B,0x85,0x7F,0xA5,
  0x82,0xA6,0x6A,0xE4,0x7E,0xB0,0x02,0x09,0x01,0xE4,0x7F,0x90,0x02,0x09,0x02,0x85,
  0x82,0xA5,0x7D,0x38,0xF9,0x6E,0x3B,0x85,0x7E,0x18,0x79,0x70,0x3B,0x85,0x7F,0xA5,
  0x82,0xA6,0x6B,0xE4,0x7E,0xB0,0x02,0x09,0x04,0xE4,0x7F,0x90,0x02,0x09,0x08,0x85,
  0x82,0x06,0x82,0x06,0x82,0xD0,0x08,0xC8,0xC0,0x02,0x90,0xB1,0x4C,0x60,0x3B,0xA9,
  0x00,0x85,0x7E,0x85,0x7F,0xA9,0xC1,0x85,0x7A,0x38,0xA5,0x7C,0xE5,0x6A,0x10,0x02,
  0x49,0xFF,0xC9,0x04,0xB0,0x10,0x38,0xA5,0x7D,0xE5,0x6B,0x10,0x02,0x49,0xFF,0xC9,
  0x04,0xB0,0x03,0x4C,0x60,0x3B,0xA5,0x7E,0xD0,0x49,0xA5,0x82,0x18,0x65,0x7F,0xAA,
  0xBD,0x78,0x3B,0x85,0x7B,0x85,0x81,0xC5,0x83,0xF0,0x41,0x48,0xA5,0x7C,0x85,0x07,
  0xA5,0x7D,0x85,0x08,0x68,0x20,0x8C,0x34,0x90,0x2E,0xA0,0x01,0x20,0x89,0x3C,0x90,
  0x2B,0xA2,0x85,0x20,0xA4,0x3B,0xD0,0x34,0xA6,0x7B,0xBD,0x71,0x3B,0x85,0x83,0x20,
  0x82,0x39,0xA5,0x7B,0x29,0x01,0xAA,0xB5,0x7C,0x29,0x0F,0xDD,0x76,0x3B,0xD0,0x1C,
  0x4C,0x58,0x3B,0xC6,0x7E,0x4C,0x5C,0x3B,0xA9,0x06,0x85,0x7E,0xE6,0x7F,0xA5,0x7F,
  0xC9,0x04,0x90,0x08,0xA9,0x00,0x85,0x83,0xA9,0x81,0x85,0x7A,0x20,0x59,0x39,0x60,
  0xA5,0x68,0x29,0xFE,0x85,0x68,0xA9,0x00,0x85,0x7A,0x8D,0x14,0x02,0x60,0x10,0x08,
  0x20,0x10,0x03,0x04,0x01,0x02,0x08,0x00,0x00,0x00,0x00,0x00,0x04,0x01,0x03,0x02,
  0x02,0x03,0x01,0x04,0xFF,0xFF,0xFF,0xFF,0x01,0x02,0x04,0x03,0x04,0x01,0x02,0x03,
  0x02,0x01,0x04,0x03,0xFF,0xFF,0xFF,0xFF,0x03,0x04,0x02,0x01,0x04,0x03,0x02,0x01,
  0x02,0x03,0x04,0x01,0xA0,0x00,0xBD,0x00,0x02,0x10,0x53,0xA5,0x7B,0xC9,0x01,0xF0,
  0x11,0xC9,0x02,0xF0,0x16,0xC9,0x03,0xF0,0x1B,0xA5,0x88,0xC5,0x7C,0x90,0x1E,0x4C,
  0xFE,0x3B,0xA5,0x89,0xC5,0x7D,0x90,0x15,0x4C,0xFE,0x3B,0xA5,0x88,0xC5,0x7C,0xB0,
  0x0C,0x4C,0xFE,0x3B,0xA5,0x89,0xC5,0x7D,0xB0,0x03,0x4C,0xFE,0x3B,0xBD,0x03,0x02,
  0x38,0xE5,0x7C,0xB0,0x04,0x49,0xFF,0x69,0x01,0xC9,0x0E,0xB0,0x11,0xBD,0x04,0x02,
  0x38,0xE5,0x7D,0xB0,0x04,0x49,0xFF,0x69,0x01,0xC9,0x0E,0xB0,0x01,0xC8,0x98,0x60,
  0xA9,0x00,0x85,0x0B,0xA4,0x0B,0xBE,0x76,0x3C,0xB5,0x00,0x10,0x36,0x29,0x7F,0xD0,
  0x32,0x20,0x4C,0x3C,0xA4,0x7B,0xBE,0x7A,0x3C,0xB5,0x00,0xC9,0x07,0xB0,0x24,0xBE,
  0x84,0x3C,0xA9,0x11,0x85,0x0C,0xB5,0x00,0xD9,0x7F,0x3C,0xF0,0x04,0xA9,0x08,0x85,
  0x0C,0xCA,0xB5,0x00,0xC5,0x0C,0xB0,0x0B,0xA4,0x0B,0xBE,0x76,0x3C,0xB5,0x00,0x09,
  0x0C,0x95,0x00,0xE6,0x0B,0xA5,0x0B,0xC9,0x02,0xD0,0xB9,0x60,0xBE,0x78,0x3C,0xB5,
  0x00,0x38,0xE5,0x7C,0xB0,0x04,0x49,0xFF,0x69,0x01,0x85,0x05,0x08,0x68,0x29,0x01,
  0x85,0x06,0xB5,0x01,0x38,0xE5,0x7D,0xB0,0x04,0x49,0xFF,0x69,0x01,0x85,0x07,0x08,
  0x68,0x29,0x01,0x85,0x08,0x60,0xA6,0xB9,0xB0,0xC3,0x00,0x05,0x07,0x05,0x07,0x00,
  0x00,0x01,0x01,0x00,0x00,0x08,0x06,0x08,0x06,0xA2,0x01,0xB5,0x7C,0x38,0xF5,0xCF,
  0xB0,0x04,0x49,0xFF,0x69,0x01,0xD9,0x9F,0x3C,0xB0,0x03,0xCA,0x10,0xED,0x60,0x10,
  0x07,0x20,0xD8,0x3C,0x24,0x85,0x10,0x2C,0x20,0x24,0x3D,0xA5,0x8D,0xC9,0x07,0x90,
  0x06,0x20,0x31,0x40,0x4C,0xD4,0x3C,0x20,0xDD,0x3D,0xB0,0x18,0x20,0xD8,0x3E,0xA5,
  0x85,0x29,0x08,0xD0,0x09,0x20,0x56,0x3F,0x20,0xB5,0x3F,0x20,0xF5,0x3F,0x20,0x38,
  0x3D,0x20,0x21,0x40,0x20,0x8E,0x40,0x60,0xA5,0x84,0x29,0x01,0xAA,0xBC,0x22,0x3D,
  0xB9,0x20,0x02,0xF0,0x3C,0x85,0x87,0xB9,0x21,0x02,0x85,0x88,0xB9,0x22,0x02,0x85,
  0x89,0xC0,0x00,0xD0,0x0E,0xB9,0x21,0x02,0x85,0x8F,0xB9,0x22,0x02,0x85,0x90,0xA9,
  0x00,0x85,0x8E,0xA9,0x00,0x99,0x20,0x02,0x99,0x21,0x02,0x99,0x22,0x02,0xA9,0x80,
  0x85,0x85,0xA9,0x00,0x85,0x86,0xA9,0x01,0x05,0x84,0x85,0x84,0xA9,0x03,0x20,0x9C,
  0x54,0x60,0x00,0x03,0xA5,0x85,0x29,0x02,0xD0,0x0D,0xA9,0x00,0x85,0x07,0x20,0x75,
  0x3D,0xA5,0x85,0x09,0x02,0x85,0x85,0x60,0xA5,0x85,0x29,0x0C,0xF0,0x28,0xA5,0x8E,
  0xF0,0x0C,0xE6,0x8D,0xA5,0x8D,0xC9,0x03,0x90,0x04,0xA9,0x06,0x85,0x8D,0xA5,0x8D,
  0x48,0xAA,0xBD,0x67,0x3D,0x85,0x07,0x20,0x75,0x3D,0x68,0xAA,0xA5,0x8E,0xF0,0x06,
  0xBD,0x6E,0x3D,0x20,0x3E,0x55,0x60,0xC0,0xC4,0xC8,0xCC,0xD0,0xD4,0x7C,0x00,0x00,
  0x01,0x02,0x02,0x02,0x02,0xA6,0x88,0xCA,0x86,0x05,0xA6,0x89,0xCA,0x86,0x06,0x20,
  0xE4,0x34,0x38,0xE9,0xC0,0x4A,0x4A,0x85,0x8D,0xA6,0x07,0xF0,0x24,0xA5,0x8D,0xC9,
  0x10,0xD0,0x49,0xA5,0x8E,0xF0,0x22,0xA5,0x05,0xC5,0x52,0xD0,0x1C,0xA5,0x06,0xC5,
  0x53,0xD0,0x16,0xA5,0x07,0xC9,0xC8,0x90,0x10,0x18,0x69,0x08,0x85,0x07,0x4C,0xB9,
  0x3D,0xA5,0x8D,0xC9,0x06,0x90,0x02,0xB0,0x23,0xA6,0x07,0xA0,0x00,0x8A,0x91,0x05,
  0xC8,0xE0,0x00,0xF0,0x01,0xE8,0x8A,0x91,0x05,0xA0,0x20,0xE0,0x00,0xF0,0x01,0xE8,
  0x8A,0x91,0x05,0xC8,0xE0,0x00,0xF0,0x01,0xE8,0x8A,0x91,0x05,0x60,0x24,0x85,0x10,
  0x28,0xA9,0x00,0x85,0x05,0x85,0x08,0xA4,0x05,0xBE,0xC6,0x3E,0xB5,0x00,0x39,0x0B,
  0x3E,0xD0,0x08,0x20,0x0F,0x3E,0xB0,0x03,0x20,0x6E,0x3E,0xE6,0x05,0xA5,0x05,0xC9,
  0x04,0x90,0xE4,0xA5,0x08,0xC9,0x02,0xB0,0x01,0x18,0x60,0x0C,0x0C,0x6E,0x6E,0xA4,
  0x05,0xBE,0x65,0x3E,0xB5,0x00,0x85,0x06,0xB5,0x01,0x85,0x07,0xA6,0x87,0xBD,0x69,
  0x3E,0xA8,0xAA,0xA9,0x00,0x85,0x09,0xB9,0x88,0x00,0x38,0xF5,0x06,0xB0,0x04,0x49,
  0xFF,0x69,0x01,0xC9,0x0F,0xB0,0x23,0xE6,0x09,0xC9,0x05,0xB0,0x02,0xE6,0x09,0xA5,
  0x87,0x0A,0xAA,0xBC,0x5B,0x3E,0xBD,0x5C,0x3E,0xAA,0xB9,0x00,0x00,0x38,0xF5,0x00,
  0xC9,0x11,0xB0,0x06,0xA5,0x09,0x05,0x08,0x85,0x08,0x60,0x00,0x00,0x89,0x07,0x06,
  0x88,0x07,0x89,0x88,0x06,0x6A,0x7C,0xB0,0xC3,0x00,0x00,0x01,0x00,0x01,0xA0,0x00,
  0xA5,0x09,0xC9,0x02,0x90,0x01,0xC8,0xB9,0xC4,0x3E,0xA4,0x05,0xBE,0xC6,0x3E,0x15,
  0x00,0x95,0x00,0xA0,0x02,0xC4,0x09,0xD0,0x3A,0xA4,0x05,0xBE,0x65,0x3E,0xA5,0x87,
  0x0A,0xA8,0xA5,0x88,0x18,0x79,0xCE,0x3E,0xC9,0x18,0xB0,0x02,0xA9,0x18,0xC9,0xD8,
  0x90,0x02,0xA9,0xD8,0x95,0x00,0xA5,0x89,0x18,0x79,0xCF,0x3E,0xC9,0x20,0xB0,0x02,
  0xA9,0x20,0xC9,0xE0,0x90,0x02,0xA9,0xE0,0x95,0x01,0xA4,0x05,0xBE,0xCA,0x3E,0xA5,
  0x87,0x95,0x00,0x60,0x10,0x04,0x68,0x7A,0xA6,0xB9,0x6C,0x7B,0xAD,0xC0,0x00,0x00,
  0x00,0xF1,0x0F,0x00,0x00,0x0F,0xF1,0x00,0xA5,0x85,0xAA,0x10,0x38,0x29,0x0C,0xD0,
  0x34,0x8A,0x29,0xBF,0x85,0x85,0xA5,0x88,0x85,0x07,0x29,0x0F,0xC9,0x08,0xD0,0x25,
  0xA5,0x89,0x85,0x08,0x29,0x0F,0xD0,0x1D,0xA5,0x87,0x20,0x8C,0x34,0x90,0x17,0xA5,
  0x8E,0xF0,0x12,0xA5,0x88,0xC5,0x8F,0xD0,0x0C,0xA5,0x89,0xC5,0x90,0xD0,0x06,0xA5,
  0x85,0x09,0x08,0x85,0x85,0x60,0x48,0xA5,0x85,0x09,0x40,0x85,0x85,0x68,0xC9,0xC0,
  0x90,0x07,0xA5,0x85,0x09,0x04,0x85,0x85,0x60,0xA5,0x88,0xC5,0x8F,0xD0,0x10,0xA5,
  0x89,0xC5,0x90,0xD0,0x0A,0xA9,0x00,0x85,0x87,0xA5,0x85,0x09,0x08,0x85,0x85,0xA6,
  0x87,0xBD,0x51,0x3F,0x85,0x87,0xA5,0x85,0x29,0xFE,0x85,0x85,0xA9,0x01,0x85,0x8E,
  0x60,0x00,0x03,0x04,0x01,0x02,0xA9,0x00,0x85,0x05,0xA9,0x0C,0x24,0x85,0x10,0x3E,
  0x70,0x3C,0xD0,0x3A,0xC6,0x8C,0xA9,0x07,0xC5,0x8C,0xB0,0x02,0x85,0x8C,0xA2,0x00,
  0xBD,0x9F,0x3F,0xA6,0x8C,0x4A,0xCA,0x10,0xFC,0x90,0x23,0xA9,0x80,0x85,0x05,0xA5,
  0x85,0x29,0x01,0x08,0xA5,0x87,0x0A,0x28,0xF0,0x03,0x18,0x69,0x0A,0xAA,0xBD,0xA1,
  0x3F,0x18,0x65,0x88,0x85,0x88,0xBD,0xA2,0x3F,0x18,0x65,0x89,0x85,0x89,0x60,0xFF,
  0x88,0x00,0x00,0x00,0xFE,0x02,0x00,0x00,0x02,0xFE,0x00,0x00,0x00,0x00,0xFF,0x01,
  0x00,0x00,0x01,0xFF,0x00,0xA5,0x85,0x10,0x39,0x29,0x01,0xD0,0x35,0x24,0x05,0x10,
  0x31,0xA9,0x00,0x85,0x05,0xA4,0x05,0xBE,0xC6,0x3E,0xB5,0x00,0x2D,0xF3,0x3F,0xF0,
  0x19,0xA4,0x05,0xBE,0x65,0x3E,0xA5,0x87,0x0A,0xA8,0xB5,0x00,0x18,0x79,0xA1,0x3F,
  0x95,0x00,0xB5,0x01,0x18,0x79,0xA2,0x3F,0x95,0x01,0xE6,0x05,0xA5,0x05,0xC9,0x04,
  0x90,0xD3,0x60,0x04,0x08,0xA5,0x85,0x29,0x04,0xF0,0x1B,0xA5,0x87,0x48,0x0A,0xA8,
  0xA5,0x88,0x18,0x79,0x17,0x40,0x8D,0x24,0x02,0xA5,0x89,0x18,0x79,0x18,0x40,0x8D,
  0x25,0x02,0x68,0x8D,0x23,0x02,0x60,0x00,0x00,0x00,0xF0,0x10,0x00,0x00,0x10,0xF0,
  0x00,0xA5,0x85,0x29,0x0C,0xF0,0x4A,0xC9,0x08,0xD0,0x06,0xA5,0x84,0x29,0xFE,0x85,
  0x84,0xA9,0x00,0x85,0x85,0x85,0x8A,0xA9,0x00,0x85,0x05,0xA4,0x05,0xBE,0xC6,0x3E,
  0xB5,0x00,0x2D,0xF3,0x3F,0xF0,0x22,0xAD,0xF3,0x3F,0x49,0xFF,0x35,0x00,0x95,0x00,
  0xA4,0x05,0xBE,0x65,0x3E,0xA5,0x87,0x0A,0xA8,0xA5,0x88,0x18,0x79,0x72,0x40,0x95,
  0x00,0xA5,0x89,0x18,0x79,0x73,0x40,0x95,0x01,0xE6,0x05,0xA5,0x05,0xC9,0x04,0x90,
  0xCA,0x60,0x00,0x00,0x00,0xF0,0x10,0x00,0x00,0x10,0xF0,0x00,0xFE,0xFD,0x06,0x05,
  0x07,0x08,0x04,0x04,0x06,0x08,0x03,0x04,0x03,0x05,0x04,0x06,0x05,0x04,0xA9,0x01,
  0x24,0x85,0x30,0x02,0xA9,0x00,0x8D,0x18,0x02,0xA8,0xF0,0x1A,0xA5,0x8D,0x18,0x69,
  0x30,0x8D,0x19,0x02,0xA5,0x88,0x18,0x69,0x07,0x49,0xFF,0x8D,0x1A,0x02,0xA5,0x89,
  0x38,0xE9,0x08,0x8D,0x1B,0x02,0x60,0x20,0x1B,0x41,0xA9,0x01,0x85,0x91,0x20,0x36,
  0x41,0x20,0x5A,0x41,0xB0,0x17,0x20,0xA0,0x41,0xB0,0x12,0x20,0x7A,0x41,0xB0,0x0D,
  0x20,0xCA,0x41,0xB0,0x08,0x20,0x7C,0x42,0xB0,0x03,0x20,0xCA,0x42,0xAD,0xFB,0x40,
  0x48,0xAD,0xFA,0x40,0x48,0x24,0x96,0x30,0x13,0x4C,0x47,0x46,0x20,0x17,0x43,0x20,
  0x4C,0x43,0x20,0x47,0x41,0xC6,0x91,0x10,0xC5,0x60,0xEB,0x40,0xA5,0x96,0x29,0x0F,
  0x0A,0xAA,0xBD,0x0F,0x41,0x85,0x05,0xBD,0x10,0x41,0x85,0x06,0x6C,0x05,0x00,0x6E,
  0x45,0x00,0x00,0x81,0x44,0x1D,0x45,0x05,0x44,0x00,0x00,0xC6,0x92,0xA9,0x40,0xC5,
  0x92,0xB0,0x10,0x85,0x92,0xA0,0x01,0xBE,0x34,0x41,0xB5,0x00,0xF0,0x02,0xD6,0x00,
  0x88,0x10,0xF4,0x60,0xAC,0xBF,0xA6,0x91,0xBC,0x58,0x41,0xA2,0x12,0xB9,0x00,0x00,
  0x95,0x93,0x88,0xCA,0x10,0xF7,0x60,0xA6,0x91,0xBC,0x58,0x41,0xA2,0x12,0xB5,0x93,
  0x99,0x00,0x00,0x88,0xCA,0x10,0xF7,0x60,0xB8,0xCB,0x24,0x93,0x30,0x1A,0x70,0x0C,
  0xA5,0x93,0x09,0x40,0x85,0x93,0xA9,0x00,0x85,0x94,0x85,0x95,0xA9,0x84,0x85,0x96,
  0xA5,0x93,0x29,0xC0,0x85,0x93,0x38,0x60,0x18,0x60,0xA5,0x93,0xAA,0x29,0x01,0xD0,
  0x11,0x8A,0x29,0x0C,0xC9,0x0C,0xD0,0x16,0xA5,0x94,0x29,0x04,0x85,0x94,0xA9,0x00,
  0x85,0xA0,0xA9,0x82,0x85,0x96,0xA5,0x93,0x29,0xF3,0x85,0x93,0x38,0x60,0x18,0x60,
  0xA5,0x93,0xAA,0x29,0x20,0xD0,0x1B,0x8A,0x29,0x0C,0xF0,0x1C,0xC9,0x0C,0xF0,0x18,
  0xA5,0x93,0x29,0xF3,0x09,0x20,0x85,0x93,0xA9,0x00,0x85,0x94,0x85,0x95,0x85,0x9F,
  0x85,0xA0,0xA9,0x83,0x85,0x96,0x38,0x60,0x18,0x60,0xA5,0xA5,0xD0,0x1B,0xA5,0x94,
  0xAA,0x29,0x02,0xF0,0x03,0x4C,0x6E,0x42,0x8A,0x29,0x08,0xD0,0x0F,0x24,0x98,0x30,
  0x03,0x4C,0x74,0x42,0x8A,0x29,0x01,0xF0,0x03,0x4C,0x74,0x42,0xA5,0x9D,0x29,0x0F,
  0xC9,0x08,0xF0,0x03,0x4C,0x74,0x42,0xA5,0x9E,0x29,0x0F,0xC9,0x00,0xF0,0x03,0x4C,
  0x74,0x42,0xA2,0x01,0xA9,0x00,0x95,0x07,0xB5,0x9D,0x38,0xF5,0x6A,0xB0,0x06,0xF6,
  0x07,0x49,0xFF,0x69,0x01,0x95,0x05,0xCA,0x10,0xEA,0xA0,0x01,0xA2,0x01,0xA5,0x05,
  0xD9,0x7A,0x42,0x90,0x14,0xCA,0xA5,0x06,0xD9,0x7A,0x42,0x90,0x0C,0x88,0x10,0xEC,
  0xA5,0x94,0x29,0x08,0xD0,0x12,0x4C,0x74,0x42,0xB5,0x07,0xE0,0x00,0xF0,0x03,0x18,
  0x69,0x02,0xAA,0xBD,0x76,0x42,0x85,0x9C,0xA5,0x9D,0x85,0x07,0xA5,0x9E,0x85,0x08,
  0xA5,0x9C,0x20,0x8C,0x34,0xC9,0xC4,0xB0,0x08,0xC9,0x78,0x90,0x17,0xC9,0x80,0xB0,
  0x13,0xA5,0x94,0x29,0x14,0x09,0x02,0x85,0x94,0xA9,0x02,0x20,0x9C,0x54,0xA9,0x80,
  0x85,0x96,0x38,0x60,0x18,0x60,0x04,0x02,0x01,0x03,0x11,0x08,0x24,0x98,0x50,0x48,
  0xA5,0x94,0xAA,0x29,0x02,0xD0,0x41,0x8A,0x29,0x01,0xD0,0x36,0xA5,0x7A,0x10,0x38,
  0xA5,0x9D,0xC5,0x7C,0xF0,0x06,0xA5,0x9E,0xC5,0x7D,0xD0,0x2C,0xA5,0x9D,0x38,0xE5,
  0x7C,0xB0,0x04,0x49,0xFF,0x69,0x01,0xC9,0x21,0xB0,0x1D,0xA5,0x9E,0x38,0xE5,0x7D,
  0xB0,0x04,0x49,0xFF,0x69,0x01,0xC9,0x21,0xB0,0x0E,0xA5,0x94,0x29,0x04,0x09,0x01,
  0x85,0x94,0xA9,0x04,0x85,0x96,0x38,0x60,0x18,0x60,0xA5,0x99,0xD0,0x06,0xA9,0x03,
  0x85,0x99,0xE6,0x97,0xA6,0x97,0xBD,0xF6,0x42,0xC9,0xFF,0xD0,0x06,0xA9,0x00,0x85,
  0x97,0xF0,0xF1,0x85,0x98,0x29,0x0F,0xAA,0xE8,0xE4,0x96,0x86,0x96,0xF0,0x06,0xA5,
  0x94,0x29,0x7F,0x85,0x94,0x60,0xC1,0xC1,0xC0,0xC1,0xC1,0xC0,0xC1,0xC1,0xC0,0xC1,
  0xC1,0xC0,0xC1,0xC1,0xC0,0xC1,0xC1,0xC0,0xC1,0xC1,0xC0,0xC1,0xC1,0xC0,0xC1,0xC1,
  0xC0,0xC1,0xC1,0xC0,0xC1,0xC1,0xFF,0xA9,0x3F,0x24,0x93,0x10,0x2E,0x70,0x2C,0xD0,
  0x2A,0xA5,0x96,0xC9,0x82,0xF0,0x24,0xA5,0x9D,0x38,0xE5,0x6A,0xB0,0x04,0x49,0xFF,
  0x69,0x01,0xC9,0x08,0xB0,0x15,0xA5,0x9E,0x38,0xE5,0x6B,0xB0,0x04,0x49,0xFF,0x69,
  0x01,0xC9,0x08,0xB0,0x06,0xA5,0x68,0x09,0x40,0x85,0x68,0x60,0xA4,0x91,0xBE,0xBD,
  0x43,0xA5,0x93,0x29,0x6F,0xD0,0x29,0xA5,0x94,0x29,0x02,0xD0,0x23,0xC6,0x9F,0xA9,
  0x06,0xC5,0x9F,0xB0,0x0A,0x85,0x9F,0xE6,0xA0,0xA5,0xA0,0x29,0x01,0x85,0xA0,0xA4,
  0x9A,0xB9,0xAF,0x43,0x9D,0x04,0x02,0xB9,0xB4,0x43,0x18,0x65,0xA0,0x9D,0x05,0x02,
  0xA5,0x9D,0x18,0x69,0x07,0x49,0xFF,0x9D,0x06,0x02,0xA5,0x9E,0x38,0xE9,0x08,0x9D,
  0x07,0x02,0xA5,0x4C,0xC9,0x0F,0x90,0x02,0xA9,0x0F,0x0A,0x0A,0x18,0x65,0x91,0xA8,
  0xB9,0xC1,0x43,0xA8,0xBD,0x05,0x02,0x18,0x79,0xB9,0x43,0x9D,0x05,0x02,0x60,0x00,
  0x01,0x01,0x01,0x03,0x80,0x80,0x80,0x80,0x80,0x00,0x20,0x40,0x60,0x00,0x04,0x08,
  0x0C,0x00,0x00,0x00,0x00,0x01,0x01,0x01,0x01,0x02,0x02,0x02,0x02,0x03,0x03,0x03,
  0x03,0x00,0x00,0x01,0x01,0x01,0x01,0x02,0x02,0x02,0x02,0x03,0x03,0x00,0x00,0x02,
  0x02,0x01,0x01,0x03,0x03,0x00,0x00,0x03,0x03,0x00,0x01,0x02,0x03,0x00,0x01,0x02,
  0x03,0x00,0x01,0x02,0x03,0x00,0x01,0x02,0x03,0x00,0x01,0x02,0x03,0x00,0x01,0x02,
  0x03,0x00,0x01,0x02,0x03,0xA5,0x94,0x30,0x1F,0x09,0x80,0x85,0x94,0xA9,0x05,0x20,
  0x9C,0x54,0xA9,0x09,0x85,0x9F,0xA9,0x00,0x85,0xA0,0xA5,0x91,0x0A,0xAA,0xBD,0x5F,
  0x44,0x85,0x9D,0xBD,0x60,0x44,0x85,0x9E,0xC6,0x9F,0x10,0x0C,0xA9,0x09,0x85,0x9F,
  0xE6,0xA0,0xA5,0xA0,0xC9,0x06,0xB0,0x13,0xA4,0x91,0xBE,0xBD,0x43,0xA9,0x01,0x9D,
  0x04,0x02,0xA4,0xA0,0xB9,0x67,0x44,0x9D,0x05,0x02,0x60,0xA9,0x80,0x85,0x93,0xA9,
  0x00,0x85,0xA0,0xA9,0x06,0x85,0x99,0xA6,0x91,0xBD,0x6D,0x44,0x85,0x9A,0x60,0x18,
  0x20,0x18,0xE0,0xD8,0x20,0xD8,0xE0,0x9F,0x93,0x94,0x95,0x96,0x80,0x02,0x03,0x04,
  0x01,0xA4,0x91,0xBE,0xBD,0x43,0xA9,0x80,0x9D,0x05,0x02,0xA9,0x01,0x9D,0x04,0x02,
  0x60,0xA5,0x93,0x29,0x01,0xD0,0x40,0xA5,0x7B,0x48,0x0A,0xA8,0xA5,0x7C,0x18,0x79,
  0x13,0x45,0xC9,0x18,0xB0,0x02,0xA9,0x18,0xC9,0xD8,0x90,0x02,0xA9,0xD8,0x85,0x9D,
  0x85,0x07,0xA5,0x7D,0x18,0x79,0x14,0x45,0xC9,0x20,0xB0,0x02,0xA9,0x20,0xC9,0xE0,
  0x90,0x02,0xA9,0xE0,0x85,0x9E,0x85,0x08,0x68,0x85,0x9A,0x20,0x8C,0x34,0x90,0x01,
  0x60,0xA5,0x93,0x09,0x01,0x85,0x93,0x24,0x94,0x30,0x0D,0xA9,0x80,0x85,0x94,0xA9,
  0x00,0x85,0x9F,0xA9,0x04,0x20,0x9C,0x54,0xC6,0x9F,0xF0,0x13,0xA5,0x9F,0x29,0x08,
  0x4A,0x4A,0x4A,0x18,0x69,0x91,0xA6,0x91,0xBC,0xBD,0x43,0x99,0x05,0x02,0x60,0xA5,
  0x93,0x29,0xF2,0x85,0x93,0xA9,0x00,0x85,0x94,0x60,0xA6,0x91,0xBC,0xBD,0x43,0xA9,
  0x00,0x99,0x04,0x02,0x85,0x93,0x85,0x94,0x85,0x95,0x85,0x9D,0x85,0x9E,0x60,0x00,
  0x02,0x02,0x00,0x00,0x00,0x00,0xF0,0x10,0x00,0x00,0x10,0xF0,0x00,0xC6,0x9F,0xA9,
  0x04,0xC5,0x9F,0xB0,0x08,0x85,0x9F,0xA5,0xA0,0x49,0x01,0x85,0xA0,0xA9,0x91,0x18,
  0x65,0xA0,0xA6,0x91,0xBC,0xBD,0x43,0x99,0x05,0x02,0xA6,0xA0,0xBD,0x62,0x45,0x99,
  0x04,0x02,0xA5,0x9A,0x0A,0xA8,0xA2,0x00,0xB5,0x9D,0x18,0x79,0x64,0x45,0x95,0x9D,
  0xC9,0x08,0x90,0x0B,0xC9,0xF8,0xB0,0x07,0xC8,0xE8,0xE0,0x02,0x90,0xEA,0x60,0x4C,
  0xFA,0x44,0x01,0x01,0x00,0x00,0x02,0xFE,0x02,0x02,0xFE,0x02,0xFE,0xFE,0xA5,0x94,
  0x30,0x0C,0x09,0x80,0x85,0x94,0xA9,0x00,0x85,0xA0,0xA9,0x05,0x85,0x9F,0xC6,0x9F,
  0x10,0x0F,0xA9,0x05,0x85,0x9F,0xE6,0xA0,0xA5,0xA0,0xC9,0x05,0x90,0x03,0x4C,0x14,
  0x46,0xA4,0x91,0xBE,0xBD,0x43,0xA4,0x9C,0x88,0x84,0x05,0x98,0x0A,0x0A,0x18,0x65,
  0x05,0x18,0x65,0xA0,0xA8,0xB9,0x33,0x46,0x9D,0x05,0x02,0xA4,0x9C,0xB9,0xAF,0x43,
  0x9D,0x04,0x02,0x24,0x94,0x70,0x5C,0xA5,0xA0,0xC9,0x03,0xD0,0x56,0xA5,0x94,0x09,
  0x40,0x85,0x94,0xA5,0x9D,0x85,0x07,0xA5,0x9E,0x85,0x08,0xA5,0x9C,0x20,0x8C,0x34,
  0xC9,0xC4,0xB0,0x08,0xC9,0x78,0x90,0x3C,0xC9,0x80,0xB0,0x38,0xA5,0x9C,0x0A,0xAA,
  0xA5,0x9D,0x18,0x7D,0x25,0x46,0x85,0x05,0xC6,0x05,0xA5,0x9E,0x18,0x7D,0x26,0x46,
  0x85,0x06,0xC6,0x06,0x20,0xE4,0x34,0x48,0xA9,0xC0,0x85,0x07,0x68,0xC9,0x80,0xB0,
  0x04,0xA2,0x74,0x86,0x07,0xA2,0x03,0xBC,0x2F,0x46,0xA5,0x07,0x91,0x05,0xE6,0x07,
  0xCA,0x10,0xF4,0x60,0xA5,0x94,0x29,0x04,0x85,0x94,0xA9,0x01,0x85,0xA5,0xA9,0x00,
  0x85,0xA0,0x85,0x9F,0x60,0x00,0x00,0x00,0xF0,0x10,0x00,0x00,0x10,0xF0,0x00,0x21,
  0x20,0x01,0x00,0x80,0x85,0x86,0x87,0x80,0x80,0x82,0x83,0x84,0x80,0x80,0x88,0x89,
  0x8A,0x80,0x80,0x82,0x83,0x84,0x80,0xA5,0x93,0x29,0x10,0xF0,0x2C,0xA5,0x94,0x29,
  0x20,0xD0,0x0E,0xA6,0x9A,0xBD,0x0D,0x49,0x85,0x9A,0xA5,0x94,0x09,0x20,0x85,0x94,
  0x60,0x20,0xCF,0x49,0xF0,0x06,0x20,0x89,0x49,0x4C,0x78,0x46,0xA5,0x93,0x29,0xEF,
  0x85,0x93,0xA5,0x94,0x29,0xDF,0x85,0x94,0x60,0x24,0x94,0x30,0x1C,0x20,0xCF,0x49,
  0xD0,0x13,0xA5,0x94,0x09,0x80,0x85,0x94,0xA9,0x00,0x85,0x95,0x85,0xA2,0x85,0xA3,
  0x85,0xA4,0x4C,0x98,0x46,0x20,0x89,0x49,0x60,0xA5,0x96,0x0A,0xAA,0xBD,0xAA,0x46,
  0x85,0x05,0xBD,0xAB,0x46,0x85,0x06,0x6C,0x05,0x00,0x00,0x00,0xB4,0x46,0x27,0x47,
  0xF1,0x47,0x19,0x49,0x24,0x95,0x70,0x0A,0xA9,0x00,0x85,0xA2,0xA5,0x95,0x09,0x40,
  0x85,0x95,0xA5,0xA2,0xD0,0x14,0x20,0x12,0x49,0x20,0x9C,0x56,0x85,0xA3,0x29,0x07,
  0xD0,0x02,0xA9,0x01,0x85,0xA4,0xA9,0x04,0x85,0xA2,0xA6,0xA3,0xBD,0x13,0x47,0x85,
  0x9A,0x20,0xDE,0x49,0x90,0x21,0x20,0x12,0x49,0x20,0xCF,0x49,0xD0,0x08,0xA9,0x00,
  0x85,0xA5,0xC6,0xA4,0xF0,0x06,0x20,0x89,0x49,0x4C,0x06,0x47,0xA5,0x95,0x29,0xBF,
  0x85,0x95,0xC6,0xA2,0xE6,0xA3,0x60,0xA5,0x94,0x29,0x10,0xD0,0xF5,0x20,0xEC,0x49,
  0x4C,0x02,0x47,0x04,0x01,0x02,0x03,0x04,0x02,0x03,0x04,0x01,0x03,0x04,0x01,0x02,
  0x04,0x01,0x02,0x03,0x01,0x02,0x03,0x24,0x95,0x10,0x21,0x38,0xA5,0x9D,0xE5,0x6A,
  0x10,0x02,0x49,0xFF,0xC9,0x31,0xB0,0x14,0x38,0xA5,0x9E,0xE5,0x6B,0x10,0x02,0x49,
  0xFF,0xC9,0x31,0xB0,0x07,0xA9,0x00,0x85,0x95,0x4C,0xB8,0x47,0x24,0x95,0x70,0x28,
  0x20,0x9C,0x56,0x29,0x07,0xD0,0x02,0xA9,0x01,0x05,0x95,0x85,0x95,0xA0,0x00,0x20,
  0xA1,0x48,0xD0,0x08,0xC8,0xC0,0x02,0x90,0xF6,0x4C,0xB8,0x47,0xA9,0x00,0x85,0xA2,
  0x85,0xA3,0xA5,0x95,0x09,0x40,0x85,0x95,0xA5,0x9B,0x18,0x65,0xA3,0xAA,0xBD,0xC5,
  0x47,0x85,0x9A,0xC5,0xA4,0xF0,0x1C,0x20,0xDE,0x49,0x90,0x2D,0x20,0x12,0x49,0x20,
  0x00,0x49,0xD0,0x24,0xA9,0x00,0x85,0xA5,0xC6,0x95,0xA5,0x95,0x29,0x07,0xD0,0x18,
  0x4C,0xB2,0x47,0xE6,0xA3,0xA5,0xA3,0xC9,0x04,0x90,0x0D,0x20,0x12,0x49,0xA9,0x00,
  0x85,0xA4,0xA5,0x95,0x29,0xBF,0x85,0x95,0x60,0xA5,0x94,0x29,0x10,0xD0,0xE4,0x20,
  0xEC,0x49,0x4C,0xA3,0x47,0x00,0x00,0x00,0x00,0x04,0x03,0x01,0x02,0x02,0x01,0x03,
  0x04,0xFF,0xFF,0xFF,0xFF,0x01,0x04,0x02,0x03,0x04,0x01,0x02,0x03,0x02,0x01,0x04,
  0x03,0xFF,0xFF,0xFF,0xFF,0x03,0x02,0x04,0x01,0x04,0x03,0x02,0x01,0x02,0x03,0x04,
  0x01,0x24,0x95,0x10,0x03,0x4C,0x27,0x47,0x24,0x95,0x70,0x2C,0x20,0x9C,0x56,0x29,
  0x07,0xD0,0x02,0xA9,0x01,0x05,0x95,0x85,0x95,0xA0,0x02,0x20,0xA1,0x48,0xF0,0x07,
  0xA9,0x80,0x85,0x95,0x4C,0x68,0x48,0xA9,0x00,0x85,0xA2,0x85,0xA3,0xA5,0x95,0x09,
  0x40,0x85,0x95,0xA0,0x01,0x20,0xA1,0x48,0xA5,0x9B,0x18,0x65,0xA3,0xAA,0xBD,0x75,
  0x48,0x85,0x9A,0xC5,0xA4,0xF0,0x1C,0x20,0xDE,0x49,0x90,0x2D,0x20,0x12,0x49,0x20,
  0x00,0x49,0xD0,0x24,0xA9,0x00,0x85,0xA5,0xC6,0x95,0xA5,0x95,0x29,0x07,0xD0,0x18,
  0x4C,0x62,0x48,0xE6,0xA3,0xA5,0xA3,0xC9,0x04,0x90,0x0D,0x20,0x12,0x49,0xA9,0x00,
  0x85,0xA4,0xA5,0x95,0x29,0xBF,0x85,0x95,0x60,0xA5,0x94,0x29,0x10,0xD0,0xE4,0x20,
  0xEC,0x49,0x4C,0x53,0x48,0x00,0x00,0x00,0x00,0x02,0x01,0x03,0x04,0x04,0x03,0x01,
  0x02,0xFF,0xFF,0xFF,0xFF,0x03,0x02,0x04,0x01,0x02,0x03,0x04,0x01,0x04,0x03,0x02,
  0x01,0xFF,0xFF,0xFF,0xFF,0x01,0x04,0x02,0x03,0x02,0x01,0x04,0x03,0x04,0x01,0x02,
  0x03,0xA9,0x00,0x85,0x9B,0xA5,0x9D,0x38,0xF9,0xFA,0x48,0xB0,0x02,0xA9,0x00,0x85,
  0x05,0x18,0x79,0xFD,0x48,0x90,0x02,0xA9,0xFF,0x85,0x06,0xA5,0x9B,0xA6,0x6A,0xE4,
  0x05,0xB0,0x02,0x09,0x01,0xE4,0x06,0x90,0x02,0x09,0x02,0x85,0x9B,0xA5,0x9E,0x38,
  0xF9,0xFA,0x48,0xB0,0x02,0xA9,0x00,0x85,0x05,0x18,0x79,0xFD,0x48,0x90,0x02,0xA9,
  0xFF,0x85,0x06,0xA5,0x9B,0xA6,0x6B,0xE4,0x05,0xB0,0x02,0x09,0x04,0xE4,0x06,0x90,
  0x02,0x09,0x08,0x85,0x9B,0x06,0x9B,0x06,0x9B,0x60,0x10,0x08,0x40,0x20,0x10,0x80,
  0xA6,0x9A,0xBD,0x0D,0x49,0x85,0xA4,0x20,0x89,0x49,0x20,0xCF,0x49,0x60,0x03,0x04,
  0x01,0x02,0xA5,0x94,0x29,0xE7,0x85,0x94,0x60,0x24,0x95,0x30,0x4C,0x70,0x08,0xA9,
  0x40,0x85,0x95,0xA9,0x00,0x85,0xA2,0xA5,0x7B,0xD0,0x02,0xA9,0x01,0xA6,0xA2,0xE0,
  0x02,0xF0,0x09,0x29,0x01,0x0A,0x65,0xA2,0xAA,0xBD,0x85,0x49,0x85,0x9A,0x20,0xDE,
  0x49,0xB0,0x1A,0xE6,0xA2,0xA5,0xA2,0xC9,0x03,0x90,0x11,0xA5,0x94,0x29,0x04,0x09,
  0x08,0x85,0x94,0xA5,0x9A,0x85,0x9C,0xAD,0x85,0x49,0x85,0x9A,0x60,0xA9,0x80,0x85,
  0x95,0x20,0x9C,0x56,0x29,0x07,0x85,0xA4,0x60,0x20,0xDE,0x49,0x90,0x10,0x20,0x89,
  0x49,0x20,0xCF,0x49,0xD0,0x0E,0xA9,0x00,0x85,0xA5,0xC6,0xA4,0x10,0x06,0xA5,0x94,
  0x29,0x7E,0x85,0x94,0x60,0x01,0x03,0x02,0x04,0xC6,0xA1,0xA9,0x07,0xC5,0xA1,0xB0,
  0x02,0x85,0xA1,0xA6,0x4C,0xE0,0x0F,0x90,0x02,0xA2,0x0F,0xBC,0x07,0x4A,0x2C,0x01,
  0x20,0x30,0x02,0xC8,0xC8,0xB9,0xF7,0x49,0xA6,0xA1,0x4A,0xCA,0x10,0xFC,0x90,0x16,
  0xA6,0x9A,0xA5,0x9D,0x18,0x7D,0xC6,0x49,0x29,0xFE,0x85,0x9D,0xA5,0x9E,0x18,0x7D,
  0xCA,0x49,0x29,0xFE,0x85,0x9E,0x60,0x00,0x02,0x00,0xFE,0xFE,0x00,0x02,0x00,0xA5,
  0x9A,0x29,0x01,0xAA,0xB5,0x9D,0x29,0x0F,0xDD,0xDC,0x49,0x60,0x08,0x00,0xA5,0x9D,
  0x85,0x07,0xA5,0x9E,0x85,0x08,0xA5,0x9A,0x20,0x8C,0x34,0x60,0xA5,0x94,0x09,0x18,
  0x85,0x94,0xA5,0x9A,0x85,0x9C,0x60,0x01,0x11,0x94,0xAA,0xDA,0xDD,0xFE,0xFF,0xFF,
  0xFF,0xFF,0xFF,0xFF,0xFF,0xFF,0xFF,0x01,0x01,0x02,0x02,0x02,0x02,0x03,0x03,0x03,
  0x03,0x03,0x03,0x03,0x03,0x04,0x04,0x20,0x30,0x4A,0x20,0x71,0x4A,0x20,0xCE,0x4A,
  0x20,0x3C,0x4B,0x20,0xB3,0x4B,0x20,0x91,0x4C,0x20,0x27,0x4D,0x20,0x7C,0x4E,0x60,
  0xA5,0xCC,0x30,0x13,0xA9,0x01,0x8D,0x1C,0x02,0xA9,0x38,0x8D,0x1D,0x02,0x20,0x48,
  0x4A,0xA5,0xCC,0x09,0x80,0x85,0xCC,0x60,0xA2,0x00,0xA5,0x6B,0x10,0x02,0xE8,0xE8,
  0xA5,0x6A,0x10,0x01,0xE8,0xBD,0x65,0x4A,0x0A,0xAA,0xBD,0x69,0x4A,0x85,0xCF,0xBD,
  0x6A,0x4A,0x85,0xD0,0x60,0x00,0x01,0x02,0x03,0xE0,0xE8,0x10,0xE8,0xE0,0x18,0x10,
  0x18,0xA5,0xCF,0xC9,0x10,0xF0,0x04,0xC9,0xE0,0xD0,0x10,0xA5,0xD0,0xC9,0x18,0xF0,
  0x04,0xC9,0xE8,0xD0,0x06,0x20,0x8C,0x4A,0x20,0xB2,0x4A,0x60,0xA2,0x00,0xB5,0x6A,
  0x38,0xF5,0xCF,0x90,0x0C,0x95,0x05,0xA9,0x00,0x95,0x07,0xE8,0xE0,0x02,0x90,0xEE,
  0x60,0x49,0xFF,0x18,0x69,0x01,0x95,0x05,0xA9,0x01,0x95,0x07,0xE8,0xE0,0x02,0x90,
  0xDD,0x60,0xA5,0x05,0xC5,0x06,0x90,0x09,0xA5,0x07,0xAA,0xBD,0xCA,0x4A,0x85,0xCD,
  0x60,0xA5,0x08,0xAA,0xBD,0xCC,0x4A,0x85,0xCD,0x60,0x02,0x04,0x03,0x01,0xA5,0xCC,
  0x29,0x09,0xD0,0x59,0x20,0x8C,0x4A,0xA5,0xCD,0x29,0x01,0xAA,0xB5,0x05,0xC9,0x08,
  0xB0,0x4B,0xA5,0xCF,0x29,0x0F,0xC9,0x08,0xF0,0x06,0xA5,0xD0,0x29,0x0F,0xD0,0x3D,
  0x20,0x8C,0x4A,0xA5,0xCD,0x29,0x01,0xF0,0x0B,0xA5,0x07,0xAA,0xBD,0x2E,0x4B,0x85,
  0xCE,0x4C,0x0C,0x4B,0xA5,0x08,0xAA,0xBD,0x30,0x4B,0x85,0xCE,0xA5,0xCE,0x0A,0xAA,
  0xA5,0xCF,0x18,0x7D,0x32,0x4B,0x85,0x07,0xA5,0xD0,0x18,0x7D,0x33,0x4B,0x85,0x08,
  0xA5,0xCE,0x20,0x8C,0x34,0x90,0x06,0xA5,0xCC,0x09,0x01,0x85,0xCC,0x60,0x02,0x04,
  0x03,0x01,0x00,0x00,0x00,0xF8,0x08,0x00,0x00,0x08,0xF8,0x00,0xA5,0xCC,0x29,0x10,
  0xD0,0x17,0x20,0x5A,0x4B,0xA5,0x05,0xC9,0x0C,0xB0,0x0E,0xA5,0x06,0xC9,0x0C,0xB0,
  0x08,0xA5,0x68,0x29,0xF3,0x09,0x40,0x85,0x68,0x60,0xA2,0x00,0xB5,0x6A,0x38,0xF5,
  0xCF,0x90,0x08,0x95,0x05,0xE8,0xE0,0x02,0x90,0xF2,0x60,0x49,0xFF,0x18,0x69,0x01,
  0x95,0x05,0xE8,0xE0,0x02,0x90,0xE5,0x60,0x20,0x95,0x4B,0xA5,0x05,0xC9,0x08,0xB0,
  0x13,0xA5,0x06,0xC9,0x08,0xB0,0x0D,0xA9,0x00,0x85,0x7A,0x8D,0x14,0x02,0xA5,0x68,
  0x09,0x01,0x85,0x68,0x60,0xA2,0x00,0xB5,0x7C,0x38,0xF5,0xCF,0x90,0x08,0x95,0x05,
  0xE8,0xE0,0x02,0x90,0xF2,0x60,0x49,0xFF,0x18,0x69,0x01,0x95,0x05,0xE8,0xE0,0x02,
  0x90,0xE5,0x60,0xA5,0xCC,0x29,0x10,0xD0,0x06,0x20,0xC0,0x4B,0x20,0x1B,0x4C,0x60,
  0xA5,0x85,0x10,0x38,0x20,0xFD,0x4B,0xA5,0x05,0xC9,0x08,0xB0,0x2F,0xA5,0x06,0xC9,
  0x08,0xB0,0x29,0xA6,0xCD,0xBD,0x7D,0x4C,0x85,0xCD,0xA6,0xCE,0xBD,0x7D,0x4C,0x85,
  0xCE,0xA5,0xCC,0x29,0x01,0xF0,0x15,0xA5,0xCC,0x29,0xFD,0x85,0xCC,0xA9,0x00,0x85,
  0xE2,0xA5,0xCC,0x09,0x14,0x85,0xCC,0xA9,0x0C,0x20,0x9C,0x54,0x60,0xA2,0x00,0xB5,
  0x88,0x38,0xF5,0xCF,0x90,0x08,0x95,0x05,0xE8,0xE0,0x02,0x90,0xF2,0x60,0x49,0xFF,
  0x18,0x69,0x01,0x95,0x05,0xE8,0xE0,0x02,0x90,0xE5,0x60,0xA5,0xCC,0x29,0x01,0xF0,
  0x26,0xA5,0xCF,0x85,0x07,0xA5,0xD0,0x85,0x08,0xA5,0xCE,0x20,0x8C,0x34,0xB0,0x17,
  0xC9,0x2F,0x90,0x13,0xA5,0xCC,0x29,0x04,0xD0,0x0E,0xA6,0xCE,0xBD,0x7D,0x4C,0x85,
  0xCE,0xA5,0xCC,0x09,0x04,0x85,0xCC,0x60,0xA5,0xE3,0xC9,0x07,0xB0,0x23,0xE6,0xE3,
  0xA6,0xCE,0xBD,0x82,0x4C,0x85,0xCE,0x0A,0xAA,0xA5,0xCF,0x18,0x7D,0x87,0x4C,0x85,
  0x07,0xA5,0xD0,0x18,0x7D,0x88,0x4C,0x85,0x08,0xA5,0xCE,0x20,0x8C,0x34,0x90,0xE0,
  0x60,0xA5,0xCC,0x09,0x10,0x85,0xCC,0xA9,0x0C,0x20,0x9C,0x54,0x60,0x00,0x03,0x04,
  0x01,0x02,0x00,0x04,0x01,0x02,0x03,0x00,0x00,0x00,0xFE,0x02,0x00,0x00,0x02,0xFE,
  0x00,0xA5,0xCC,0x29,0x10,0xD0,0x0C,0xA5,0xCC,0x29,0x01,0xF0,0x06,0x20,0xA4,0x4C,
  0x20,0xED,0x4C,0x60,0xA5,0x4C,0xC9,0x08,0x90,0x02,0xA9,0x07,0xAA,0xA5,0xE1,0xDD,
  0xE1,0x4C,0xB0,0x2C,0xA5,0xE1,0xD0,0x06,0xA5,0xCE,0x85,0xE0,0xA9,0x00,0xAA,0xBD,
  0xE9,0x4C,0xAA,0xA5,0x6C,0xF0,0x19,0x38,0xE5,0xE0,0x29,0x01,0xF0,0x12,0xA5,0x6C,
  0x95,0xD4,0xA5,0x6A,0x95,0xD5,0xA5,0x6B,0x95,0xD6,0xE6,0xE1,0xA5,0x6C,0x85,0xE0,
  0x60,0x00,0x01,0x02,0x03,0x04,0x04,0x04,0x04,0x00,0x03,0x06,0x09,0xA2,0x00,0xB5,
  0xD4,0xD0,0x08,0xE8,0xE8,0xE8,0xE0,0x0C,0x90,0xF5,0x60,0xB5,0xD5,0x85,0x05,0xB5,
  0xD6,0x85,0x06,0xA5,0xCE,0x29,0x01,0xA8,0xB9,0x05,0x00,0xD9,0xCF,0x00,0xD0,0x16,
  0xB5,0xD4,0x85,0xCE,0xA5,0xCC,0x09,0x02,0x85,0xCC,0xA9,0x40,0x85,0xE2,0xA9,0x00,
  0x95,0xD4,0x95,0xD5,0x95,0xD6,0x60,0x20,0x40,0x4E,0x90,0x5B,0xA5,0xCC,0x29,0x10,
  0xD0,0x63,0xA5,0xCC,0x29,0x02,0xD0,0x50,0xA5,0xCC,0x29,0x01,0xD0,0x0C,0xA2,0x00,
  0x20,0xFD,0x4D,0xA5,0xCC,0x29,0xF7,0x85,0xCC,0x60,0xA2,0x01,0x20,0xFD,0x4D,0xA5,
  0xCE,0xAA,0xBC,0x6F,0x4E,0xB9,0xCF,0x00,0xDD,0x74,0x4E,0xD0,0x2A,0xA5,0xCC,0x29,
  0xFE,0x85,0xCC,0xA5,0xCC,0x09,0x08,0x85,0xCC,0xA9,0x00,0x85,0xD2,0x85,0xE1,0xA6,
  0xCE,0xBD,0xEE,0x4D,0x85,0xCD,0xA5,0xCC,0x29,0xFB,0x85,0xCC,0xA2,0x00,0xA9,0x00,
  0x95,0xD4,0xE8,0xE0,0x0C,0xD0,0xF7,0x60,0xC6,0xE2,0xA5,0xE2,0xD0,0x06,0xA5,0xCC,
  0x29,0xFD,0x85,0xCC,0x60,0xA5,0xCE,0x0A,0xAA,0xBD,0xF3,0x4D,0x18,0x65,0xCF,0x85,
  0xCF,0xBD,0xF4,0x4D,0x18,0x65,0xD0,0x85,0xD0,0xA5,0xCF,0xC9,0x08,0x90,0x0F,0xC9,
  0xF8,0xB0,0x0B,0xA5,0xD0,0xC9,0x08,0x90,0x05,0xC9,0xF8,0xB0,0x01,0x60,0xA9,0x00,
  0x8D,0x1C,0x02,0xC6,0xE2,0xA5,0xE2,0xC9,0x10,0xD0,0x16,0xA9,0x00,0x85,0xE3,0x85,
  0xD2,0x85,0xCC,0x85,0xE2,0xA2,0x00,0xA9,0x00,0x95,0xD4,0xE8,0xE0,0x0C,0xD0,0xF7,
  0x60,0xA9,0x00,0x85,0xCF,0xA9,0x00,0x85,0xD0,0xA9,0x90,0x85,0xCC,0x60,0x00,0x02,
  0x03,0x04,0x01,0x00,0x00,0x02,0xFE,0x02,0x02,0xFE,0x02,0xFE,0xFE,0xB5,0xCD,0x0A,
  0xAA,0xBD,0x65,0x4E,0x18,0x65,0xCF,0x85,0xCF,0xA5,0xCF,0xC9,0x10,0xB0,0x07,0xA9,
  0x10,0x85,0xCF,0x4C,0x20,0x4E,0xA5,0xCF,0xC9,0xE0,0x90,0x04,0xA9,0xE0,0x85,0xCF,
  0xBD,0x66,0x4E,0x18,0x65,0xD0,0x85,0xD0,0xA5,0xD0,0xC9,0x18,0xB0,0x07,0xA9,0x18,
  0x85,0xD0,0x4C,0x3F,0x4E,0xA5,0xD0,0xC9,0xE8,0x90,0x04,0xA9,0xE8,0x85,0xD0,0x60,
  0xE6,0xD3,0xA5,0xD3,0x29,0x07,0x85,0xD3,0xA0,0x00,0xA5,0xCC,0x29,0x10,0xD0,0x09,
  0xA5,0xCC,0x29,0x05,0xF0,0x05,0x4C,0x5A,0x4E,0xC8,0xC8,0xA6,0xD3,0xB9,0x79,0x4E,
  0x4A,0xCA,0x10,0xFC,0x60,0x00,0x00,0x00,0xFE,0x02,0x00,0x00,0x02,0xFE,0x00,0x00,
  0x01,0x00,0x01,0x00,0x00,0x18,0xE0,0xE8,0x10,0xBA,0xAA,0xFF,0x20,0x95,0x4E,0x20,
  0xC1,0x4E,0xA5,0xCF,0x18,0x69,0x07,0x49,0xFF,0x8D,0x1E,0x02,0xA5,0xD0,0x38,0xE9,
  0x08,0x8D,0x1F,0x02,0x60,0xA5,0xCC,0x29,0x01,0xD0,0x1B,0xA5,0xCD,0x0A,0x85,0x05,
  0xA5,0xCF,0xC9,0x10,0xF0,0x08,0xA5,0xD0,0xC9,0x18,0xF0,0x02,0xE6,0x05,0xA6,0x05,
  0xBD,0xB7,0x4E,0x8D,0x1C,0x02,0x60,0x00,0x00,0x03,0x01,0x07,0x03,0x07,0x05,0x05,
  0x01,0xA5,0xCC,0x29,0x01,0xD0,0x1D,0xE6,0xD1,0xA6,0xD2,0xBD,0xE2,0x4E,0x8D,0x1D,
  0x02,0xA5,0xD1,0xC9,0x04,0x90,0x0A,0xA9,0x00,0x85,0xD1,0xA5,0xD2,0x49,0x01,0x85,
  0xD2,0x60,0x38,0x39,0xE6,0xD1,0xA6,0xD2,0xBD,0x05,0x4F,0x8D,0x1D,0x02,0xA5,0xD1,
  0xC9,0x04,0x90,0x10,0xA9,0x00,0x85,0xD1,0xE6,0xD2,0xA5,0xD2,0xC9,0x04,0x90,0x04,
  0xA9,0x00,0x85,0xD2,0x60,0x3A,0x3B,0x3C,0x3D,0x20,0x16,0x4F,0x20,0x38,0x4F,0x20,
  0x6E,0x4F,0x20,0xA0,0x4F,0x60,0x24,0xEB,0x30,0x1D,0xA5,0xE8,0xF0,0x19,0x85,0xEB,
  0xA5,0xE9,0x85,0xEC,0xA5,0xEA,0x85,0xED,0xA9,0x00,0x85,0xEE,0x85,0xE8,0x85,0xE9,
  0x85,0xEA,0xA9,0x06,0x20,0x9C,0x54,0x60,0x24,0xEB,0x10,0x2E,0x70,0x2C,0xA0,0x02,
  0xBE,0x6B,0x4F,0xA5,0xEC,0x38,0xF5,0x00,0xB0,0x04,0x49,0xFF,0x69,0x01,0xC9,0x08,
  0xB0,0x15,0xA5,0xED,0x38,0xF5,0x01,0xB0,0x04,0x49,0xFF,0x69,0x01,0xC9,0x08,0xB0,
  0x06,0xA5,0xEB,0x09,0x40,0x85,0xEB,0x88,0x10,0xD6,0x60,0xCF,0xB0,0xC3,0x24,0xEB,
  0x10,0x2D,0xA2,0x00,0x50,0x02,0xA2,0x01,0xB5,0xEC,0x18,0x69,0x03,0x95,0xEC,0xC9,
  0xF8,0x90,0x1C,0xA5,0xEB,0xAA,0x29,0x40,0xD0,0x09,0x8A,0x29,0x02,0x4A,0x69,0x03,
  0x20,0x3E,0x55,0xC6,0x51,0xD0,0x04,0xA9,0xC1,0x85,0x49,0xA9,0x00,0x85,0xEB,0x60,
  0xA9,0x00,0x8D,0x10,0x02,0x24,0xEB,0x10,0x47,0xA9,0x01,0x8D,0x10,0x02,0xC6,0xEE,
  0xA9,0x07,0xC5,0xEE,0xB0,0x08,0x85,0xEE,0xA5,0xEB,0x49,0x01,0x85,0xEB,0xA5,0xEB,
  0x48,0x29,0x02,0x4A,0xAA,0xBD,0xF1,0x4F,0x8D,0x11,0x02,0x68,0x29,0x01,0x18,0x6D,
  0x11,0x02,0x8D,0x11,0x02,0x24,0xEB,0x50,0x05,0xA9,0x1B,0x8D,0x11,0x02,0xA5,0xEC,
  0x18,0x69,0x0F,0x49,0xFF,0x8D,0x12,0x02,0xA5,0xED,0x38,0xE9,0x08,0x8D,0x13,0x02,
  0x60,0x9A,0x98,0x24,0xEF,0x10,0x03,0x4C,0x83,0x50,0xA5,0x52,0xF0,0x5B,0xA0,0x00,
  0xB1,0x52,0xF0,0x55,0xC9,0x80,0xB0,0x51,0x98,0xA2,0x03,0xBC,0xF8,0x36,0x91,0x52,
  0xCA,0x10,0xF8,0x20,0x5A,0x50,0xA9,0x00,0x85,0x52,0x85,0x53,0xA5,0xEF,0x09,0x80,
  0x85,0xEF,0xA9,0x0B,0x20,0x9C,0x54,0xA5,0x6E,0xD0,0x02,0xA9,0x01,0x85,0xF0,0xA9,
  0x03,0x85,0xF2,0xC6,0x51,0xA5,0x51,0xD0,0x1D,0xA9,0xC1,0x85,0x49,0xA9,0x0A,0x20,
  0xAE,0x5B,0xA9,0x02,0x20,0x3E,0x55,0xA9,0x06,0x20,0x3E,0x55,0xA5,0x14,0x20,0x8E,
  0x5A,0xA9,0x40,0x20,0x60,0x56,0x4C,0x83,0x50,0x60,0xA5,0x52,0x85,0x05,0xA5,0x53,
  0x85,0x06,0xA5,0x05,0x0A,0x0A,0x0A,0x18,0x69,0x08,0x85,0xF5,0x06,0x05,0x26,0x06,
  0x06,0x05,0x26,0x06,0x06,0x05,0x26,0x06,0xA5,0x06,0x0A,0x0A,0x0A,0x18,0x69,0x08,
  0x85,0xF6,0x60,0xA5,0xEF,0x29,0x10,0xD0,0x13,0x20,0xB2,0x50,0x20,0xC6,0x51,0x20,
  0x50,0x52,0x20,0xC6,0x52,0x20,0x15,0x53,0x20,0x5D,0x53,0x60,0xC6,0xF4,0xF0,0x0B,
  0xA9,0x01,0x8D,0x0C,0x02,0xA9,0x7D,0x8D,0x0D,0x02,0x60,0xA5,0xEF,0x29,0xEF,0x85,
  0xEF,0x60,0xA5,0xEF,0x29,0x22,0xD0,0x55,0xA5,0xF3,0xD0,0x4C,0xA5,0xF5,0x29,0x0F,
  0xC9,0x08,0xD0,0x44,0xA5,0xF6,0x29,0x0F,0xD0,0x3E,0x20,0x87,0x51,0xB0,0x38,0xC6,
  0xF2,0x10,0x35,0xA5,0xF0,0x85,0xF1,0x20,0x74,0x56,0xA5,0x03,0x29,0x07,0x85,0xF2,
  0x20,0x74,0x56,0xA5,0x03,0x29,0x01,0x85,0x05,0xA5,0xF0,0x0A,0x0A,0x65,0x05,0xAA,
  0xBD,0x42,0x51,0x85,0xF0,0x20,0x56,0x51,0xB0,0x0D,0xA5,0xF1,0x85,0xF0,0xA9,0x00,
  0x85,0xF2,0x20,0x56,0x51,0x90,0x07,0x60,0x20,0x56,0x51,0x90,0x01,0x60,0xA5,0xF3,
  0xD0,0x0B,0x20,0x74,0x56,0xA5,0x03,0x4A,0x4A,0x29,0x01,0x85,0xF3,0xA5,0xF0,0x0A,
  0x0A,0x65,0xF3,0xAA,0xBD,0x42,0x51,0x85,0xF0,0x85,0xF1,0xE6,0xF3,0xA5,0xF3,0x29,
  0x03,0x85,0xF3,0xA9,0x01,0x85,0xF2,0x60,0x00,0x00,0x00,0xFF,0x01,0x00,0x00,0x01,
  0xFF,0x00,0x00,0x00,0x00,0x00,0x02,0x04,0x03,0x01,0x03,0x01,0x04,0x02,0x04,0x02,
  0x01,0x03,0x01,0x03,0x02,0x04,0xA5,0xF5,0x85,0x07,0xA5,0xF6,0x85,0x08,0xA5,0xF0,
  0x20,0x8C,0x34,0x48,0x90,0x1F,0xA9,0x00,0x85,0xF3,0xA5,0xEF,0x29,0xFB,0x85,0xEF,
  0xA5,0xF0,0x0A,0xAA,0xA5,0xF5,0x18,0x7D,0x38,0x51,0x85,0xF5,0xA5,0xF6,0x18,0x7D,
  0x39,0x51,0x85,0xF6,0x38,0x68,0x60,0xA9,0x04,0x24,0xEF,0x50,0x37,0xD0,0x35,0xA9,
  0x04,0x85,0x09,0xA5,0xF5,0x85,0x07,0xA5,0xF6,0x85,0x08,0xA5,0x09,0x20,0x8C,0x34,
  0xB0,0x1E,0xC9,0xC0,0x90,0x1A,0xC9,0xC8,0xB0,0x16,0xA5,0xEF,0x09,0x06,0x85,0xEF,
  0xA9,0x10,0x85,0xF4,0xA5,0x09,0x85,0xF0,0x85,0xF1,0xA9,0x00,0x85,0xF2,0x38,0x60,
  0xC6,0x09,0xD0,0xD7,0x18,0x60,0xA5,0xEF,0xAA,0x29,0x40,0xF0,0x63,0x8A,0x29,0x20,
  0xD0,0x5E,0x8A,0x29,0x02,0xF0,0x59,0xC6,0xF4,0xF0,0x56,0xA5,0xF0,0x0A,0xAA,0xA5,
  0xF5,0x18,0x7D,0x38,0x52,0x69,0x07,0x49,0xFF,0x8D,0x0E,0x02,0xA5,0xF6,0x18,0x7D,
  0x39,0x52,0x38,0xE9,0x08,0x8D,0x0F,0x02,0xA5,0xEF,0x29,0x08,0xD0,0x32,0xA5,0xF5,
  0x18,0x7D,0x42,0x52,0x85,0x05,0xA5,0xF6,0x18,0x7D,0x43,0x52,0x85,0x06,0x20,0xE4,
  0x34,0x29,0x0C,0x4A,0x4A,0xAA,0xBD,0x4C,0x52,0xAA,0xA5,0x05,0x85,0x07,0xA5,0x06,
  0x85,0x08,0x20,0x08,0x58,0xA5,0xEF,0x09,0x08,0x85,0xEF,0xA9,0x0A,0x20,0x9C,0x54,
  0x60,0xA5,0xEF,0x29,0xF5,0x85,0xEF,0x60,0x00,0x00,0x00,0xFC,0x04,0x00,0x00,0x04,
  0xFC,0x00,0x00,0x00,0xF8,0xE8,0x08,0xF8,0xF8,0x08,0xE8,0xF8,0xC8,0xC8,0xC8,0xC8,
  0xA9,0x20,0x24,0xEF,0xD0,0x6F,0xA5,0x85,0x10,0x21,0xA2,0x01,0xB5,0x88,0x38,0xF5,
  0xF5,0xB0,0x04,0x49,0xFF,0x69,0x01,0xC9,0x0C,0xB0,0x10,0xCA,0x10,0xEE,0xA5,0xEF,
  0x29,0xFD,0x09,0x20,0x85,0xEF,0xA9,0x00,0x85,0xF4,0x60,0x24,0xEF,0x70,0x16,0xA2,
  0x01,0xB5,0x6A,0x38,0xF5,0xF5,0xB0,0x04,0x49,0xFF,0x69,0x01,0xC9,0x0A,0xB0,0x05,
  0xCA,0x10,0xEE,0x30,0x1C,0x24,0x7A,0x10,0x2C,0x24,0xEF,0x70,0x28,0xA2,0x01,0xB5,
  0x7C,0x38,0xF5,0xF5,0xB0,0x04,0x49,0xFF,0x69,0x01,0xC9,0x0C,0xB0,0x17,0xCA,0x10,
  0xEE,0xA9,0x50,0x05,0xEF,0x85,0xEF,0xA9,0x0B,0x20,0x9C,0x54,0xA9,0x80,0x85,0xF4,
  0xA9,0x05,0x20,0x3E,0x55,0x60,0xA9,0x02,0x85,0x05,0xA4,0x05,0xBE,0x09,0x53,0xB5,
  0x00,0x10,0x31,0xBE,0x0C,0x53,0xB5,0x00,0x38,0xE5,0xF5,0xB0,0x04,0x49,0xFF,0x69,
  0x01,0xC9,0x0B,0xB0,0x1F,0xB5,0x01,0x38,0xE5,0xF6,0xB0,0x04,0x49,0xFF,0x69,0x01,
  0xC9,0x0B,0xB0,0x10,0xBE,0x09,0x53,0xB5,0x00,0x19,0x0F,0x53,0x95,0x00,0xB9,0x12,
  0x53,0x20,0x9C,0x54,0xC6,0x05,0x10,0xC2,0x60,0xCC,0xA6,0xB9,0xCF,0xB0,0xC3,0x15,
  0x08,0x08,0x0C,0x04,0x04,0xA9,0x20,0x24,0xEF,0xF0,0x1E,0x70,0x27,0xA5,0xF0,0x0A,
  0xA8,0xA2,0x00,0xB5,0xF5,0x18,0x79,0x3A,0x53,0x95,0xF5,0xC9,0x08,0x90,0x24,0xC9,
  0xF8,0xB0,0x20,0xC8,0xE8,0xE0,0x02,0x90,0xEA,0x60,0x00,0x00,0x03,0xFD,0x03,0x03,
  0xFD,0x03,0xFD,0xFD,0xA9,0x02,0x85,0xF0,0xA5,0xF5,0x18,0x69,0x03,0x85,0xF5,0xC9,
  0xF8,0x90,0x09,0xA9,0x00,0x8D,0x0C,0x02,0x85,0xEF,0x85,0xF0,0x60,0xA5,0xEF,0xA8,
  0x29,0x10,0xD0,0x4E,0x98,0x29,0x02,0xD0,0x41,0xC6,0xF4,0xA2,0x07,0x98,0x29,0x20,
  0xF0,0x02,0xA2,0x04,0xE4,0xF4,0xB0,0x08,0x86,0xF4,0xA5,0xEF,0x49,0x01,0x85,0xEF,
  0xA9,0x00,0x24,0xEF,0x50,0x02,0xA9,0x02,0x85,0x05,0xA5,0xEF,0x29,0x01,0x18,0x65,
  0x05,0xAA,0xBD,0xB3,0x53,0x8D,0x0D,0x02,0xA5,0xF5,0x18,0x69,0x07,0x49,0xFF,0x8D,
  0x0E,0x02,0xA5,0xF6,0x38,0xE9,0x08,0x8D,0x0F,0x02,0xA6,0xF0,0xBD,0xB7,0x53,0x8D,
  0x0C,0x02,0x60,0xB8,0xB9,0xBA,0xBB,0x00,0x01,0x03,0x03,0x01,0xA5,0x4C,0x29,0x07,
  0x0A,0xAA,0xBD,0xED,0x55,0x85,0x0D,0xBD,0xEE,0x55,0x85,0x0E,0x20,0x9C,0x56,0xA5,
  0x03,0x29,0x0F,0x85,0x05,0x0A,0x65,0x05,0xA8,0xB1,0x0D,0x85,0x52,0xC8,0xB1,0x0D,
  0x85,0x53,0x60,0xA2,0x00,0xA9,0x00,0x95,0x00,0xE8,0xE0,0xF7,0x90,0xF9,0x60,0xA2,
  0x00,0x8A,0x9D,0x00,0x02,0x9D,0x00,0x03,0x9D,0x00,0x04,0x9D,0x00,0x05,0xE8,0xD0,
  0xF1,0x60,0xA2,0x00,0xA9,0x00,0x85,0x05,0xA9,0x10,0x85,0x06,0xA0,0x40,0xE0,0x01,
  0xF0,0x02,0xA0,0x00,0xA9,0x00,0x91,0x05,0xC8,0xD0,0xFB,0xE6,0x06,0xA5,0x06,0xC9,
  0x18,0x90,0xEF,0x60,0xA2,0x01,0x4C,0x04,0x54,0xA9,0x62,0x85,0x05,0xA9,0x10,0x85,
  0x06,0xA0,0x19,0xA9,0x00,0x91,0x05,0x88,0x10,0xFB,0xA5,0x05,0x18,0x69,0x20,0x85,
  0x05,0xA5,0x06,0x69,0x00,0x85,0x06,0xC9,0x13,0x90,0xE6,0xA5,0x05,0xC9,0xA0,0x90,
  0xE0,0x60,0xA2,0x1F,0xA9,0x00,0x9D,0x00,0x18,0x9D,0x00,0x02,0xCA,0x10,0xF7,0x60,
  0xA2,0x1F,0xBD,0x00,0x02,0x9D,0x00,0x18,0xCA,0x10,0xF7,0x60,0xA5,0x49,0x29,0x04,
  0xF0,0x10,0xA9,0x00,0xA0,0x03,0xBE,0x83,0x54,0x9D,0x00,0x02,0x9D,0x00,0x18,0x88,
  0x10,0xF4,0x60,0x04,0x08,0x0C,0x10,0xA2,0x10,0xA5,0x68,0x29,0x42,0xF0,0x02,0xA2,
  0x17,0xE4,0x18,0xF0,0x06,0x86,0x18,0x8A,0x20,0x9C,0x54,0x60,0x48,0xA5,0x12,0xF0,
  0x10,0x68,0x48,0x29,0xF0,0xF0,0x06,0x68,0x48,0x85,0x47,0x10,0x04,0x68,0x48,0x85,
  0x1B,0x68,0x60,0xF8,0x38,0xA5,0x10,0xE9,0x01,0x85,0x10,0xD8,0x60,0xA4,0x14,0xBE,
  0xDF,0x54,0xA0,0x09,0xB5,0x00,0x99,0x4A,0x00,0xCA,0x88,0x10,0xF7,0x60,0xA4,0x14,
  0xBE,0xDF,0x54,0xA0,0x09,0xB9,0x4A,0x00,0x95,0x00,0xCA,0x88,0x10,0xF7,0x60,0x5D,
  0x67,0xA2,0x80,0xD0,0x02,0xA2,0x00,0xAD,0x90,0x5C,0x85,0x05,0xAD,0x91,0x5C,0x85,
  0x06,0xA0,0x07,0x20,0x0C,0x55,0x88,0x10,0xFA,0xAD,0xAC,0x5C,0x85,0x05,0xAD,0xAD,
  0x5C,0x85,0x06,0xA0,0x04,0x20,0x1C,0x55,0x88,0x10,0xFA,0x60,0xE0,0x80,0xF0,0x06,
  0xB1,0x05,0x99,0x26,0x02,0x60,0xB9,0x26,0x02,0x91,0x05,0x60,0xE0,0x80,0xF0,0x06,
  0xB1,0x05,0x99,0x2E,0x02,0x60,0xB9,0x2E,0x02,0x91,0x05,0x60,0xAD,0x01,0x20,0x49,
  0xFF,0x29,0x01,0xAA,0xBD,0x3C,0x55,0x85,0x55,0x85,0x5F,0x60,0x03,0x05,0x0A,0xAA,
  0xF8,0xBD,0x58,0x55,0x18,0x65,0x4E,0x85,0x4E,0xBD,0x59,0x55,0x65,0x4F,0x85,0x4F,
  0xA5,0x50,0x69,0x00,0x85,0x50,0xD8,0x60,0x20,0x00,0x50,0x00,0x00,0x01,0x00,0x02,
  0x00,0x04,0x00,0x12,0x00,0x99,0xA5,0x4A,0x29,0x20,0xD0,0x27,0xAD,0x01,0x20,0x49,
  0xFF,0x29,0x06,0xAA,0xF8,0xA5,0x4F,0x38,0xFD,0x94,0x55,0xA5,0x50,0xFD,0x95,0x55,
  0xD8,0x90,0x10,0xA5,0x4A,0x09,0x20,0x85,0x4A,0xE6,0x4B,0x20,0x45,0x5A,0xA9,0x08,
  0x20,0x9C,0x54,0x60,0x99,0x99,0x00,0x03,0x00,0x05,0x00,0x07,0xA5,0x12,0xF0,0x19,
  0xA5,0x15,0xF8,0x38,0xE5,0x4E,0xA5,0x16,0xE5,0x4F,0xA5,0x17,0xE5,0x50,0xB0,0x09,
  0xA2,0x02,0xB5,0x4E,0x95,0x15,0xCA,0x10,0xF9,0xD8,0x60,0xA5,0x4C,0x29,0x07,0x0A,
  0xAA,0xBD,0xED,0x55,0x85,0x05,0xBD,0xEE,0x55,0x85,0x06,0xA5,0x14,0x0A,0xAA,0xBD,
  0xE9,0x55,0x85,0x07,0xBD,0xEA,0x55,0x85,0x08,0xA0,0x00,0xB1,0x05,0x91,0x07,0xC8,
  0xC9,0xFF,0xD0,0xF7,0xB1,0x05,0x91,0x07,0x60,0x00,0x03,0x80,0x03,0x0B,0x68,0x55,
  0x68,0x93,0x68,0xE3,0x68,0x39,0x69,0x83,0x69,0xC1,0x69,0x0B,0x6A,0xA9,0x62,0x85,
  0x05,0xA9,0x10,0x85,0x06,0xA5,0x14,0x0A,0xAA,0xBD,0xE9,0x55,0x85,0x07,0xBD,0xEA,
  0x55,0x85,0x08,0xA9,0x00,0x85,0x09,0xA0,0x00,0xB1,0x05,0xF0,0x1C,0xC9,0x6C,0x90,
  0x18,0xAA,0x98,0x48,0x18,0x65,0x05,0xA4,0x09,0x91,0x07,0xC8,0xA5,0x06,0x91,0x07,
  0xC8,0x8A,0x91,0x07,0xC8,0x84,0x09,0x68,0xA8,0xC8,0xC8,0xC0,0x1A,0x90,0xDA,0xA5,
  0x05,0x18,0x69,0x40,0x85,0x05,0xA5,0x06,0x69,0x00,0x85,0x06,0xC9,0x13,0x90,0xC7,
  0xA5,0x05,0xC9,0xA0,0x90,0xC1,0xA9,0xFF,0xA4,0x09,0x91,0x07,0xC8,0x91,0x07,0x60,
  0x85,0x00,0xAD,0x00,0x20,0x30,0xFB,0x20,0x4D,0x71,0xAD,0x00,0x20,0x10,0xFB,0xC6,
  0x00,0xD0,0xEF,0x60,0xA5,0x03,0x85,0x05,0xA9,0x00,0x85,0x06,0xA9,0x05,0x85,0x07,
  0x20,0xE3,0x56,0xA5,0x08,0x18,0x69,0x03,0x85,0x05,0xA5,0x09,0x69,0x00,0x85,0x06,
  0xA9,0x40,0x85,0x07,0x20,0xA2,0x56,0xA5,0x08,0x85,0x03,0x60,0x20,0x74,0x56,0x4A,
  0x4A,0x60,0xA9,0x00,0x85,0x08,0x85,0x09,0xA5,0x07,0xD0,0x06,0x85,0x05,0x85,0x06,
  0xF0,0x30,0xA5,0x05,0x05,0x06,0xF0,0x2A,0xA9,0x0F,0x85,0x0A,0x38,0x26,0x05,0x26,
  0x06,0x26,0x08,0x26,0x09,0xA6,0x08,0xA4,0x09,0xA5,0x08,0x38,0xE5,0x07,0x85,0x08,
  0xA5,0x09,0xE9,0x00,0x85,0x09,0xB0,0x06,0x86,0x08,0x84,0x09,0xC6,0x05,0xC6,0x0A,
  0x10,0xDA,0x60,0xA9,0x00,0x85,0x08,0x85,0x09,0xA5,0x07,0xF0,0x17,0x46,0x07,0x90,
  0x0D,0x18,0xA5,0x08,0x65,0x05,0x85,0x08,0xA5,0x09,0x65,0x06,0x85,0x09,0x06,0x06,
  0x26,0x05,0x90,0xE5,0x60,0x24,0x49,0x10,0x06,0xA9,0x00,0x85,0x02,0xF0,0x12,0xC6,
  0x01,0xA9,0x10,0xC5,0x01,0xB0,0x16,0x85,0x01,0xE6,0x02,0xA5,0x02,0x29,0x01,0x85,
  0x02,0xA5,0x14,0x0A,0x05,0x02,0xAA,0xBD,0x2E,0x57,0x20,0xAE,0x5B,0x60,0x10,0x11,
  0x12,0x13,0xA9,0x61,0x85,0x05,0xA9,0x57,0x85,0x06,0xA0,0x00,0xB1,0x05,0x85,0x07,
  0xC8,0xB1,0x05,0x85,0x08,0xC9,0xFF,0xF0,0x17,0xC8,0xB1,0x05,0x85,0x09,0xC8,0xB1,
  0x05,0xC8,0x84,0x0A,0xA4,0x09,0x91,0x07,0x88,0x10,0xFB,0xA4,0x0A,0x4C,0x3C,0x57,
  0x60,0x41,0x10,0x00,0x2E,0x5C,0x10,0x00,0x2E,0xA1,0x13,0x00,0x2E,0xBC,0x13,0x00,
  0x2E,0x42,0x10,0x19,0x2D,0xA2,0x13,0x19,0x2D,0x23,0x18,0x19,0x2C,0x83,0x1B,0x19,
  0x2C,0xFF,0xFF,0xA5,0x4C,0x29,0x07,0x0A,0xAA,0xBD,0xCB,0x57,0x85,0x05,0xBD,0xCC,
  0x57,0x85,0x06,0x20,0xC0,0x57,0x85,0x09,0x20,0xC0,0x57,0x85,0x0A,0x20,0xC0,0x57,
  0xC9,0xFF,0xF0,0x1B,0xC9,0xFE,0xF0,0xEB,0x48,0x20,0xC0,0x57,0x85,0x0B,0x68,0xA2,
  0x00,0x81,0x09,0xE6,0x09,0xD0,0x02,0xE6,0x0A,0xC6,0x0B,0xD0,0xF4,0xF0,0xDE,0x60,
  0xA0,0x00,0xB1,0x05,0xE6,0x05,0xD0,0x02,0xE6,0x06,0x60,0x55,0x6A,0xF1,0x6A,0x59,
  0x6B,0xE5,0x6B,0x95,0x6C,0x9D,0x6D,0xDD,0x6E,0xA9,0x6F,0xA5,0x14,0x0A,0xAA,0xBD,
  0xE9,0x55,0x85,0x05,0xBD,0xEA,0x55,0x85,0x06,0xA0,0x00,0xB1,0x05,0x85,0x07,0xC8,
  0xB1,0x05,0x85,0x08,0xC8,0xC9,0xFF,0xF0,0x0E,0xB1,0x05,0xC8,0xAA,0x98,0x48,0x20,
  0x08,0x58,0x68,0xA8,0x4C,0xEB,0x57,0x60,0xA0,0x00,0x8A,0x48,0xA2,0x00,0xA5,0x08,
  0xC9,0x18,0x90,0x02,0xA2,0x03,0x68,0x91,0x07,0xC8,0x18,0x7D,0x30,0x58,0x91,0x07,
  0xA0,0x20,0x18,0x7D,0x31,0x58,0x91,0x07,0xC8,0x18,0x7D,0x32,0x58,0x91,0x07,0x60,
  0x01,0x01,0x01,0x02,0xFF,0x02,0xA4,0xE6,0xB1,0xE4,0x85,0x05,0xC9,0xFF,0xF0,0x28,
  0xC8,0xB1,0xE4,0x85,0x06,0xC8,0xC8,0x84,0xE6,0xA2,0x00,0xA1,0x05,0xC9,0x70,0x90,
  0x16,0xC9,0x80,0x90,0x04,0xC9,0xC8,0x90,0x0E,0x49,0x04,0xAA,0xA5,0x05,0x85,0x07,
  0xA5,0x06,0x85,0x08,0x20,0x08,0x58,0x60,0xA5,0xE7,0xC9,0x08,0x90,0x06,0xA9,0x00,
  0x85,0xE7,0x85,0xE6,0x60,0xA9,0x14,0x20,0xAE,0x5B,0xA9,0x20,0x20,0x60,0x56,0xA9,
  0x15,0x20,0xAE,0x5B,0xA9,0x40,0x20,0x60,0x56,0xA9,0x00,0x85,0xA6,0x20,0x33,0x59,
  0xA9,0x1A,0x20,0xAE,0x5B,0xA9,0x40,0x20,0x60,0x56,0xA9,0x1B,0x20,0xAE,0x5B,0xA9,
  0x45,0x85,0x07,0xA9,0x12,0x85,0x08,0xA2,0xC0,0x20,0x08,0x58,0x20,0x33,0x59,0x20,
  0x33,0x59,0xA9,0x1C,0x20,0xAE,0x5B,0xA9,0x1D,0x20,0xAE,0x5B,0xA9,0x1E,0x20,0xAE,
  0x5B,0xA9,0x40,0x20,0x60,0x56,0xA9,0x1F,0x20,0xAE,0x5B,0x20,0x33,0x59,0x20,0x33,
  0x59,0x20,0x33,0x59,0x20,0x33,0x59,0x20,0x33,0x59,0xA9,0x20,0x20,0xAE,0x5B,0xA9,
  0x21,0x20,0xAE,0x5B,0xA9,0x20,0x20,0x60,0x56,0x20,0x67,0x59,0xA9,0x80,0x20,0x60,
  0x56,0x20,0x52,0x54,0xA9,0x82,0x85,0x05,0xA9,0x11,0x85,0x06,0x20,0x31,0x54,0xA9,
  0x20,0x20,0x60,0x56,0xA9,0x06,0x85,0xA6,0x20,0x26,0x61,0x20,0xAB,0x60,0x20,0xD0,
  0x60,0x20,0x0F,0x61,0xA9,0x40,0x20,0xB4,0x67,0x20,0x75,0x63,0xAD,0x01,0x20,0x49,
  0xFF,0x29,0x06,0x4A,0x18,0x69,0x16,0x20,0xAE,0x5B,0xA9,0x80,0x20,0x60,0x56,0x20,
  0x52,0x54,0x60,0xA5,0xA6,0x0A,0x0A,0xAA,0xA0,0x03,0xBD,0x47,0x59,0x9D,0x00,0x18,
  0xE8,0x88,0x10,0xF6,0xE6,0xA6,0x60,0x01,0x42,0x80,0x60,0x01,0x1E,0x80,0x90,0x01,
  0xBA,0x38,0x90,0x01,0x80,0xD8,0xB8,0x01,0xA0,0xC8,0xB8,0x01,0xC0,0xB8,0xB8,0x01,
  0xE0,0xA8,0xB8,0x01,0x38,0xC8,0xD0,0xA9,0x00,0x85,0x05,0x85,0x06,0xA5,0x05,0x29,
  0x04,0x4A,0x4A,0xC5,0x06,0x85,0x06,0xF0,0x12,0xA2,0x00,0xBD,0x01,0x18,0x45,0x06,
  0x9D,0x01,0x18,0xE8,0xE8,0xE8,0xE8,0xE0,0x20,0x90,0xF0,0xA9,0x01,0x20,0x60,0x56,
  0xC6,0x05,0xD0,0xD9,0x60,0xA9,0x00,0x85,0x08,0x20,0xAD,0x59,0x60,0xA9,0x00,0x8D,
  0x0E,0x12,0xA9,0x01,0x85,0x08,0x20,0xAD,0x59,0x20,0x32,0x57,0x60,0xA9,0x00,0x85,
  0x07,0xA5,0x08,0x0A,0xAA,0x0A,0x0A,0xA8,0xBD,0x27,0x5A,0x85,0x0B,0xBD,0x28,0x5A,
  0x85,0x0C,0xA2,0x03,0xB9,0x2B,0x5A,0x85,0x09,0xB9,0x2C,0x5A,0x85,0x0A,0x98,0x48,
  0xA5,0x07,0x0A,0xA4,0x08,0xD0,0x04,0x49,0xFF,0x69,0x01,0x18,0x65,0x0A,0x85,0x0A,
  0xA5,0x09,0x0A,0xA8,0xA5,0x0B,0x18,0x79,0x3B,0x5A,0x85,0x0B,0x85,0x05,0xA5,0x0C,
  0x18,0x79,0x3C,0x5A,0x85,0x0C,0x85,0x06,0x20,0xE4,0x34,0xA4,0x08,0xB9,0x43,0x5A,
  0xA0,0x00,0x91,0x05,0xC6,0x0A,0xD0,0xD8,0x68,0xA8,0xC8,0xC8,0xCA,0xF0,0x11,0x10,
  0xB3,0xA9,0x03,0x20,0x60,0x56,0x98,0x38,0xE9,0x08,0xA8,0xE6,0x07,0x4C,0xC2,0x59,
  0xA5,0x07,0xC9,0x0C,0x90,0x9E,0x60,0x0C,0x1C,0x74,0x84,0x01,0x1A,0x02,0x19,0x03,
  0x19,0x00,0x18,0x01,0x01,0x00,0x01,0x03,0x02,0x02,0x02,0x00,0xF8,0x08,0x00,0x00,
  0x08,0xF8,0x00,0x32,0x00,0xA2,0x0B,0xA9,0x00,0x9D,0xA2,0x1B,0x9D,0xC2,0x1B,0xCA,
  0x10,0xF7,0xA5,0x4B,0x85,0x05,0xF0,0x1F,0xA5,0x05,0x0A,0xAA,0xBD,0x78,0x5A,0x85,
  0x06,0xBD,0x79,0x5A,0x85,0x07,0xA2,0x03,0xBC,0x86,0x5A,0xBD,0x8A,0x5A,0x91,0x06,
  0xCA,0x10,0xF5,0xC6,0x05,0xD0,0xE1,0x60,0x00,0x00,0x5D,0x10,0x9D,0x10,0xDD,0x10,
  0x1D,0x11,0x5D,0x11,0x9D,0x11,0x00,0x01,0x20,0x21,0x34,0x35,0x36,0x37,0xA2,0x00,
  0xA8,0x10,0x02,0xA2,0x40,0x86,0x0B,0x29,0x7F,0x85,0x05,0x0A,0x0A,0x65,0x05,0x65,
  0x05,0xA8,0xA2,0x00,0xB9,0xB3,0x5A,0x95,0x05,0xC8,0xE8,0xE0,0x06,0x90,0xF5,0x20,
  0x0D,0x5B,0x60,0x25,0x10,0x02,0x05,0x4E,0x00,0x38,0x10,0x02,0x05,0x4E,0x00,0x2E,
  0x10,0x02,0x05,0x15,0x00,0xCB,0x13,0x00,0x01,0x4D,0x00,0x34,0x13,0x00,0x01,0x10,
  0x00,0x28,0x12,0x00,0x01,0x00,0x00,0x6A,0x12,0x00,0x01,0x00,0x00,0x31,0x12,0x02,
  0x05,0x00,0x00,0x73,0x12,0x01,0x03,0x03,0x00,0xB1,0x12,0x02,0x05,0x00,0x00,0x70,
  0x12,0x02,0x05,0x03,0x04,0xB0,0x12,0x02,0x05,0x09,0x04,0xF0,0x12,0x02,0x05,0x0F,
  0x04,0x30,0x13,0x02,0x05,0x15,0x04,0x70,0x13,0x02,0x05,0x1B,0x04,0xA5,0x08,0x49,
  0xFF,0x4A,0x66,0x0C,0xA4,0x07,0xB1,0x09,0x24,0x0C,0x30,0x09,0x48,0x4A,0x4A,0x4A,
  0x4A,0x20,0x31,0x5B,0x68,0x20,0x31,0x5B,0xA9,0x00,0x85,0x0C,0xC6,0x07,0x10,0xE4,
  0x60,0x29,0x0F,0xF0,0x04,0xA0,0x00,0x84,0x08,0xA4,0x08,0xF0,0x04,0xC6,0x08,0xA9,
  0xFF,0x38,0x65,0x0B,0xA0,0x00,0x91,0x05,0xE6,0x05,0xD0,0x02,0xE6,0x06,0x60,0xA9,
  0x06,0x20,0xAE,0x5B,0xA2,0x07,0xA5,0x10,0xC9,0x02,0x90,0x02,0xA2,0x08,0x8A,0x20,
  0xAE,0x5B,0xA9,0x09,0x20,0xAE,0x5B,0xA9,0x04,0x20,0x8E,0x5A,0x60,0xA9,0x00,0x20,
  0xAE,0x5B,0xA9,0x01,0x20,0xAE,0x5B,0x60,0xA5,0x14,0xD0,0x06,0xA5,0x13,0xC9,0x02,
  0x90,0x0B,0xA2,0x02,0xA5,0x14,0xF0,0x01,0xE8,0x8A,0x20,0xAE,0x5B,0xA9,0x04,0x20,
  0xAE,0x5B,0x60,0xA5,0x14,0xD0,0x06,0xA5,0x13,0xC9,0x02,0x90,0x0B,0xA2,0x02,0xA5,
  0x14,0xF0,0x01,0xE8,0x8A,0x20,0xAE,0x5B,0xA9,0x05,0x20,0xAE,0x5B,0x60,0x0A,0xAA,
  0xBD,0x1D,0x5C,0x85,0x05,0xBD,0x1E,0x5C,0x85,0x06,0xA0,0x00,0x84,0x0C,0xB1,0x05,
  0x85,0x0B,0xC8,0xB1,0x05,0xC8,0x85,0x07,0xB1,0x05,0xC8,0x85,0x08,0xB1,0x05,0xC8,
  0xC9,0xFF,0xF0,0x48,0xC9,0xFE,0xF0,0xEB,0xC9,0xFD,0xD0,0x08,0xB1,0x05,0xC8,0x85,
  0x0B,0x4C,0xCD,0x5B,0xC9,0xFC,0xD0,0x0C,0xA9,0x80,0x85,0x0C,0xB1,0x05,0xC8,0x85,
  0x09,0x4C,0xCD,0x5B,0xC9,0xFB,0xD0,0x07,0xA9,0x00,0x85,0x0C,0x4C,0xCD,0x5B,0xA6,
  0x0B,0xF0,0x03,0x18,0x69,0x40,0xA2,0x00,0x81,0x07,0xE6,0x07,0xD0,0x02,0xE6,0x08,
  0x24,0x0C,0x10,0xB9,0xA5,0x09,0x20,0x60,0x56,0x4C,0xCD,0x5B,0x60,0x61,0x5C,0x88,
  0x5C,0x8F,0x5C,0x9D,0x5C,0xAB,0x5C,0xB6,0x5C,0xC6,0x5C,0xCE,0x5C,0xE5,0x5C,0xFD,
  0x5C,0x07,0x5D,0x19,0x5D,0x58,0x5D,0x67,0x5D,0x74,0x5D,0x80,0x5D,0x95,0x5D,0x9C,
  0x5D,0xA3,0x5D,0xAA,0x5D,0xB1,0x5D,0xC4,0x5D,0xE3,0x5D,0xEF,0x5D,0x09,0x5E,0x23,
  0x5E,0x3D,0x5E,0x4C,0x5E,0x64,0x5E,0x6D,0x5E,0x7A,0x5E,0x83,0x5E,0x8E,0x5E,0xA5,
  0x5E,0x01,0x22,0x10,0x02,0x1F,0x1A,0xFE,0x2C,0x10,0x12,0x13,0xFE,0xCF,0x13,0xFD,
  0x00,0x29,0x1E,0x0F,0x0D,0x12,0x18,0x19,0x1D,0x00,0x14,0x0B,0x1A,0x0B,0x18,0xFE,
  0xC5,0x13,0x16,0x0F,0x20,0x0F,0x16,0xFF,0x01,0x35,0x10,0x03,0x1F,0x1A,0xFF,0x00,
  0xEC,0x11,0xFC,0x08,0x1A,0x16,0x0B,0x23,0x0F,0x1C,0x00,0x02,0xFF,0x00,0xEC,0x11,
  0xFC,0x08,0x1A,0x16,0x0B,0x23,0x0F,0x1C,0x00,0x03,0xFF,0x00,0xAD,0x11,0xFC,0x08,
  0x1C,0x0F,0x0B,0x0E,0x23,0xFF,0x00,0x2A,0x12,0xFC,0x08,0x11,0x0B,0x17,0x0F,0x00,
  0x00,0x19,0x20,0x0F,0x1C,0xFF,0x00,0xAE,0x12,0x1A,0x1F,0x1D,0x12,0xFF,0x00,0xE6,
  0x12,0x19,0x18,0x16,0x23,0x00,0x02,0x1A,0x16,0x0B,0x23,0x0F,0x1C,0x00,0x0C,0x1F,
  0x1E,0x1E,0x19,0x18,0xFF,0x00,0xE6,0x12,0x02,0x00,0x19,0x1C,0x00,0x03,0x1A,0x16,
  0x0B,0x23,0x0F,0x1C,0x1D,0x00,0x0C,0x1F,0x1E,0x1E,0x19,0x18,0xFF,0x01,0x2C,0x13,
  0x0D,0x1C,0x0F,0x0E,0x13,0x1E,0xFF,0x01,0x08,0x12,0x0C,0x19,0x18,0x1F,0x1D,0x00,
  0x02,0x01,0x01,0x01,0x01,0x1A,0x1E,0x1D,0xFF,0x00,0x84,0x11,0xFC,0x02,0x17,0x13,
  0x18,0x1F,0x1E,0x0F,0xFD,0x01,0x2A,0xFD,0x00,0x02,0x01,0x01,0x01,0x01,0xFD,0x01,
  0x2B,0xFD,0x00,0x1D,0x0F,0x0D,0x19,0x18,0x0E,0xFD,0x01,0x2A,0xFD,0x00,0x02,0x01,
  0x01,0xFE,0xC4,0x11,0xFD,0x01,0x27,0x00,0x16,0x0F,0x20,0x0F,0x16,0x00,0x0F,0x18,
  0x0E,0x00,0x0C,0x19,0x18,0x1F,0x1D,0xFF,0x01,0x2A,0x12,0x2A,0xFD,0x00,0x02,0x01,
  0x01,0x01,0x01,0xFD,0x01,0x27,0xFF,0x01,0x6C,0x12,0x2A,0xFD,0x00,0x02,0x01,0x01,
  0xFD,0x01,0x27,0xFF,0x01,0xAB,0x12,0x0C,0x19,0x18,0x1F,0x1D,0xFD,0x01,0x27,0xFF,
  0x01,0x26,0x12,0x0C,0x0F,0x1D,0x1E,0x00,0x10,0x13,0x20,0x0F,0x00,0x1A,0x16,0x0B,
  0x23,0x0F,0x1C,0x1D,0xFF,0x01,0x22,0x10,0x02,0x1F,0x1A,0xFF,0x00,0x22,0x10,0x00,
  0x00,0x00,0xFF,0x01,0x35,0x10,0x03,0x1F,0x1A,0xFF,0x00,0x35,0x10,0x00,0x00,0x00,
  0xFF,0x01,0xC9,0x10,0xFC,0x08,0x1D,0x0D,0x1C,0x0B,0x17,0x0C,0x16,0x0F,0x0E,0x00,
  0x0F,0x11,0x11,0xFF,0x00,0x43,0x11,0xFC,0x04,0x29,0x02,0x0A,0x09,0x04,0x00,0x1E,
  0x0F,0x0D,0x12,0x18,0x19,0x1D,0x00,0x14,0x0B,0x1A,0x0B,0x18,0x00,0x0D,0x19,0x1C,
  0x1A,0x25,0xFF,0x00,0xEB,0x11,0x18,0x19,0x00,0x0C,0x19,0x18,0x1F,0x1D,0xFF,0x00,
  0xE4,0x11,0x0C,0x19,0x18,0x1F,0x1D,0x00,0x16,0x13,0x10,0x0F,0x00,0x0B,0x1E,0x00,
  0x04,0x01,0x01,0x01,0x01,0x1A,0x1E,0x1D,0xFF,0x00,0xE4,0x11,0x0C,0x19,0x18,0x1F,
  0x1D,0x00,0x16,0x13,0x10,0x0F,0x00,0x0B,0x1E,0x00,0x06,0x01,0x01,0x01,0x01,0x1A,
  0x1E,0x1D,0xFF,0x00,0xE4,0x11,0x0C,0x19,0x18,0x1F,0x1D,0x00,0x16,0x13,0x10,0x0F,
  0x00,0x0B,0x1E,0x00,0x08,0x01,0x01,0x01,0x01,0x1A,0x1E,0x1D,0xFF,0x00,0xCB,0x11,
  0xFC,0x04,0x0C,0x19,0x1D,0x1D,0x27,0x12,0x0F,0x1C,0x19,0xFF,0x01,0x04,0x12,0xFC,
  0x04,0x12,0x0F,0x1C,0x19,0x00,0xFE,0xE8,0x11,0x26,0xFE,0x09,0x12,0x1D,0x00,0x1D,
  0x13,0x0E,0x0F,0xFF,0x00,0x84,0x12,0xFC,0x04,0x0F,0x11,0x11,0xFF,0x00,0x8C,0x12,
  0xFC,0x04,0x0D,0x12,0x13,0x0D,0x15,0x0F,0x18,0xFF,0x00,0x96,0x12,0xFC,0x04,0x12,
  0x0F,0x18,0xFF,0x01,0xC4,0x12,0xFC,0x04,0x0F,0x18,0x0F,0x17,0x23,0xFF,0x00,0x0B,
  0x13,0xFC,0x04,0x1D,0x1F,0x15,0x13,0x23,0x0B,0x15,0x13,0x00,0x0C,0x1C,0x19,0x1E,
  0x12,0x0F,0x1C,0x1D,0xFF,0x00,0x69,0x13,0xFC,0x04,0x1E,0x1F,0x18,0x0B,0x00,0x12,
  0x0F,0x0B,0x0E,0xFF,0x20,0x5D,0x60,0xA5,0xA6,0xC9,0x05,0xB0,0x4E,0x20,0x94,0x5F,
  0x20,0xD0,0x60,0xAD,0x00,0x20,0x30,0xFB,0x20,0x60,0x54,0x20,0x4D,0x71,0xAD,0x00,
  0x20,0x10,0xFB,0x20,0xBE,0x61,0x24,0xAE,0x30,0x53,0x20,0x3C,0x34,0x48,0x29,0x0F,
  0xC5,0xAF,0x85,0xAF,0xF0,0x03,0x20,0xD6,0x5F,0x68,0x29,0x10,0xC5,0xB0,0x85,0xB0,
  0xF0,0x07,0xC9,0x00,0xF0,0x03,0x4C,0x0C,0x5F,0xAD,0x03,0x20,0x49,0xFF,0x29,0xC0,
  0xD0,0x09,0xA5,0xAD,0xC9,0x20,0x90,0xBB,0x4C,0x53,0x5F,0x60,0xA5,0xB4,0xF0,0x11,
  0xC9,0x03,0xD0,0x16,0xA5,0xB3,0xC9,0x1E,0xF0,0x10,0xC9,0x1F,0xF0,0x0C,0x4C,0xC0,
  0x5E,0xA5,0xB3,0xC9,0x1E,0xD0,0x03,0x4C,0xC0,0x5E,0x20,0x23,0x60,0xA5,0xB2,0x8D,
  0x01,0x02,0xC6,0xB5,0xD0,0x14,0xE6,0xB2,0xA9,0x08,0x85,0xB5,0xC6,0xB1,0xD0,0x0A,
  0xA9,0x00,0x8D,0x00,0x02,0x85,0xAE,0x4C,0x4D,0x5F,0x4C,0xC0,0x5E,0xA5,0xB3,0xC9,
  0x1F,0xD0,0x11,0xA9,0x80,0x20,0x9C,0x54,0xA9,0x80,0x20,0x60,0x56,0x20,0x52,0x54,
  0x20,0x29,0x54,0x60,0xC9,0x1E,0xD0,0x0A,0xC6,0xB4,0x20,0x4A,0x60,0xC6,0xB4,0x4C,
  0xC0,0x5E,0xC9,0x1D,0xD0,0x06,0x20,0x4A,0x60,0x4C,0xC0,0x5E,0xA5,0xA6,0x0A,0x0A,
  0x65,0xA6,0x65,0xA6,0x65,0xB4,0xAA,0xA5,0xB3,0x18,0x69,0x0B,0x9D,0x00,0x04,0xE6,
  0xB4,0x4C,0xC0,0x5E,0xA9,0x16,0x20,0x9C,0x54,0x20,0x29,0x54,0x20,0x52,0x54,0xA9,
  0x00,0xA2,0x0E,0x95,0xA7,0xCA,0x10,0xFB,0x20,0x2C,0x61,0x20,0x26,0x61,0x20,0xAB,
  0x60,0x20,0x0F,0x61,0x20,0xD0,0x60,0xA9,0x01,0x8D,0x04,0x02,0xA9,0xF8,0x8D,0x05,
  0x02,0xA9,0xD4,0x8D,0x06,0x02,0xA9,0x24,0x8D,0x07,0x02,0xA9,0x00,0x85,0x68,0x85,
  0x7A,0x85,0xAC,0x85,0xAD,0x60,0xAA,0xBD,0x13,0x60,0x18,0x65,0xB3,0x30,0x33,0xC9,
  0x20,0x10,0x2F,0x85,0xB3,0x29,0x07,0xAA,0xA9,0xEC,0x8D,0x06,0x02,0xA9,0x14,0x8D,
  0x07,0x02,0xAD,0x06,0x02,0x38,0xE9,0x18,0xCA,0x10,0xFB,0x8D,0x06,0x02,0xA5,0xB3,
  0x29,0x18,0x4A,0x4A,0x4A,0xAA,0xAD,0x07,0x02,0x18,0x69,0x10,0xCA,0x10,0xFB,0x8D,
  0x07,0x02,0x60,0x00,0x01,0xFF,0x00,0xF8,0x00,0x00,0x00,0x08,0x00,0x00,0x00,0x00,
  0x00,0x00,0x00,0xA9,0x80,0x85,0xAE,0xA9,0x03,0x85,0xB1,0xAD,0x06,0x02,0x8D,0x02,
  0x02,0xAD,0x07,0x02,0x8D,0x03,0x02,0xA9,0x01,0x8D,0x00,0x02,0xA9,0xF9,0x85,0xB2,
  0xA9,0x04,0x85,0xB5,0xA9,0x01,0x20,0x9C,0x54,0x60,0xA5,0xA6,0x0A,0x0A,0x65,0xA6,
  0x65,0xA6,0x65,0xB4,0xAA,0xA9,0x00,0x9D,0x00,0x04,0xE6,0xB4,0x60,0xA9,0x04,0x85,
  0xA6,0x20,0xA1,0x60,0xBD,0x04,0x04,0x38,0xE5,0x4F,0xBD,0x05,0x04,0xE5,0x50,0xB0,
  0x10,0xA0,0x05,0xBD,0x00,0x04,0x9D,0x06,0x04,0xE8,0x88,0x10,0xF6,0xC6,0xA6,0x10,
  0xE0,0xE6,0xA6,0x20,0xA1,0x60,0xA5,0x4E,0x9D,0x03,0x04,0xA5,0x4F,0x9D,0x04,0x04,
  0xA5,0x50,0x9D,0x05,0x04,0xA9,0x00,0x9D,0x00,0x04,0x9D,0x01,0x04,0x9D,0x02,0x04,
  0x60,0xA5,0xA6,0x0A,0x0A,0x65,0xA6,0x65,0xA6,0xAA,0x60,0xA5,0xA6,0x85,0xA7,0xE6,
  0xA7,0xE6,0xA7,0xA9,0x02,0x85,0xA8,0xA2,0x00,0xA5,0xA8,0xC5,0xA7,0xD0,0x03,0x18,
  0x69,0x40,0x9D,0xF3,0xC8,0xE8,0xE8,0xE6,0xA8,0xA5,0xA8,0xC9,0x07,0xD0,0xEA,0x60,
  0xA9,0x69,0x85,0x0D,0xA9,0x12,0x85,0x0E,0xA2,0x00,0x86,0xA9,0xA0,0x00,0xA5,0xA6,
  0xC5,0xA9,0xD0,0x02,0xA0,0x40,0x84,0xAA,0xA0,0x00,0xBD,0x00,0x04,0x18,0x65,0xAA,
  0x91,0x0D,0xE8,0xC8,0xC0,0x03,0xD0,0xF2,0xE8,0xE8,0xE8,0xA5,0x0D,0x18,0x69,0x40,
  0x85,0x0D,0xA5,0x0E,0x69,0x00,0x85,0x0E,0xE6,0xA9,0xE0,0x1E,0xD0,0xCE,0x60,0xA9,
  0x04,0x85,0xA9,0xA5,0xA9,0xC5,0xA6,0xD0,0x02,0x09,0x80,0x18,0x69,0x0A,0x20,0x8E,
  0x5A,0xC6,0xA9,0x10,0xEE,0x60,0xA9,0x0F,0x20,0xAE,0x5B,0x60,0xA9,0xA4,0x85,0x0D,
  0xA9,0x10,0x85,0x0E,0xA9,0x00,0x85,0xAB,0xA0,0x00,0xA5,0xAB,0x18,0x69,0x0B,0x91,
  0x0D,0xC8,0xC8,0xC8,0xE6,0xAB,0xA5,0xAB,0xC9,0x1D,0xB0,0x14,0x29,0x07,0xD0,0xEA,
  0xA5,0x0D,0x18,0x69,0x40,0x85,0x0D,0xA5,0x0E,0x69,0x00,0x85,0x0E,0x4C,0x38,0x61,
  0xA9,0x6B,0x85,0x0D,0xA9,0x1A,0x85,0x0E,0xA2,0x00,0xA0,0x00,0xBD,0x89,0x61,0x91,
  0x0D,0xE8,0xC8,0xC0,0x03,0x30,0xF5,0xA5,0x0D,0x18,0x69,0x60,0x85,0x0D,0xA5,0x0E,
  0x69,0x00,0x85,0x0E,0xE0,0x09,0x30,0xE2,0x60,0x1D,0x1A,0x00,0x1C,0x1F,0x0C,0x0F,
  0x18,0x0E,0xA2,0x00,0xBD,0xA0,0x61,0x9D,0x00,0x04,0xE8,0xE0,0x1E,0xD0,0xF5,0x60,
  0x17,0x25,0x19,0x00,0x00,0x03,0x18,0x25,0x1E,0x00,0x74,0x02,0x14,0x25,0x12,0x00,
  0x83,0x01,0x12,0x25,0x1D,0x00,0x00,0x01,0x15,0x25,0x1E,0x00,0x47,0x00,0xC6,0xAC,
  0xA9,0x40,0xC5,0xAC,0xB0,0x04,0x85,0xAC,0xE6,0xAD,0x60,0xA5,0x0D,0xF0,0x0F,0xC9,
  0x01,0xF0,0x0F,0xC9,0x02,0xF0,0x20,0xC9,0x03,0xF0,0x43,0x4C,0x56,0x62,0xA9,0x00,
  0x85,0x05,0xA9,0x01,0x85,0x0D,0x20,0x60,0x56,0xE6,0x0E,0xA5,0x0E,0xC9,0x09,0x90,
  0x65,0xA9,0x00,0x85,0x0E,0x85,0x06,0xA5,0x05,0x0A,0xAA,0xBD,0x57,0x62,0x85,0x07,
  0xBD,0x58,0x62,0x85,0x08,0xBD,0x71,0x62,0x85,0x09,0xBD,0x72,0x62,0x85,0x0A,0xA9,
  0x11,0x38,0xE5,0x06,0x85,0x0C,0xA9,0x00,0x85,0x0B,0xA9,0x03,0x85,0x0D,0xAD,0x00,
  0x20,0x30,0xFB,0xA4,0x0B,0xB1,0x07,0xA4,0x0C,0x91,0x09,0xE6,0x0B,0xE6,0x0C,0xA5,
  0x0C,0xC9,0x12,0x90,0x21,0xA9,0x02,0x85,0x0D,0xE6,0x06,0xA5,0x06,0xC9,0x12,0x90,
  0x15,0xA9,0x01,0x85,0x0D,0xE6,0x05,0xA5,0x05,0xC9,0x0D,0x90,0x09,0xA9,0xFF,0x85,
  0x0D,0xA9,0x80,0x20,0x60,0x56,0x60,0x8B,0x62,0x9D,0x62,0xAF,0x62,0xC1,0x62,0xD3,
  0x62,0xE5,0x62,0xF7,0x62,0x09,0x63,0x1B,0x63,0x2D,0x63,0x3F,0x63,0x51,0x63,0x63,
  0x63,0x86,0x10,0xA6,0x10,0xC6,0x10,0xE6,0x10,0x06,0x11,0x46,0x11,0x66,0x11,0x86,
  0x11,0xA6,0x11,0xC6,0x11,0xE6,0x11,0x06,0x12,0x26,0x12,0x1A,0x1C,0x19,0x11,0x1C,
  0x0B,0x17,0x0F,0x0E,0x00,0x00,0x0C,0x23,0x00,0x00,0x00,0x00,0x00,0x00,0x00,0x00,
  0x00,0x00,0x00,0x00,0x00,0x58,0x65,0x5E,0x59,0x57,0x53,0x63,0x4B,0x57,0x4B,0x00,
  0x00,0x00,0x00,0x00,0x00,0x00,0x00,0x63,0x65,0x55,0x4B,0x58,0x4F,0x55,0x59,0x00,
  0x00,0x00,0x00,0x00,0x00,0x00,0x00,0x00,0x00,0x54,0x65,0x52,0x4B,0x51,0x53,0x61,
  0x4B,0x5C,0x4B,0x00,0x00,0x00,0x00,0x00,0x00,0x00,0x00,0x52,0x65,0x5D,0x4B,0x5E,
  0x59,0x00,0x00,0x00,0x00,0x1D,0x19,0x1F,0x18,0x0E,0x00,0x0D,0x19,0x19,0x1C,0x0E,
  0x13,0x18,0x0B,0x1E,0x19,0x1C,0x00,0x00,0x00,0x00,0x00,0x00,0x00,0x00,0x00,0x54,
  0x65,0x52,0x4B,0x51,0x53,0x61,0x4B,0x5C,0x4B,0x0B,0x1C,0x1E,0x00,0x0E,0x0F,0x1D,
  0x13,0x11,0x18,0x0F,0x1C,0x00,0x00,0x00,0x00,0x00,0x00,0x00,0x00,0x00,0x00,0x00,
  0x00,0x00,0x00,0x52,0x65,0x50,0x5F,0x55,0x5F,0x4E,0x4B,0x00,0x00,0x1D,0x1E,0x19,
  0x1C,0x23,0x00,0x00,0x0C,0x23,0x00,0x00,0x00,0x00,0x00,0x00,0x00,0x00,0x00,0x00,
  0x00,0x00,0x00,0x00,0x00,0x00,0x00,0x62,0x65,0x63,0x5F,0x57,0x59,0x5E,0x59,0x00,
  0x00,0x1E,0x19,0x1E,0x0B,0x16,0x00,0x0E,0x13,0x1C,0x0F,0x0D,0x1E,0x19,0x1C,0x00,
  0x00,0x00,0x00,0x00,0x00,0x00,0x00,0x00,0x00,0x00,0x00,0x58,0x65,0x5E,0x59,0x57,
  0x53,0x63,0x4B,0x57,0x4B,0xA9,0x00,0x85,0xA6,0xA5,0xA6,0x30,0x06,0x20,0x52,0x54,
  0x20,0x51,0x67,0x20,0xB4,0x67,0xA5,0xA6,0x0A,0xAA,0xBD,0xA4,0x63,0x85,0x05,0xBD,
  0xA5,0x63,0x85,0x06,0x6C,0x05,0x00,0xA5,0xA6,0x30,0xDE,0xA0,0x40,0x20,0xAD,0x67,
  0x4C,0x79,0x63,0x60,0xAC,0x63,0xAF,0x64,0x5F,0x66,0xA3,0x63,0x20,0xB8,0x63,0x20,
  0x48,0x64,0x20,0xF7,0x63,0x4C,0x97,0x63,0xA5,0xA7,0x29,0x04,0xD0,0x30,0xA5,0xA7,
  0x29,0x02,0xD0,0x1B,0xA9,0x01,0x8D,0x04,0x18,0xA5,0xAD,0x18,0x69,0x02,0x85,0xAD,
  0x20,0xE7,0x67,0x8D,0x06,0x18,0xA9,0x00,0x20,0xCB,0x67,0x8D,0x05,0x18,0x60,0xA5,
  0xAB,0x85,0xAD,0xA5,0xAD,0x20,0xE7,0x67,0x8D,0x06,0x18,0x4C,0xD6,0x63,0xA9,0x02,
  0x20,0xCB,0x67,0x8D,0x05,0x18,0x60,0xA5,0xAD,0xC9,0x50,0xB0,0x01,0x60,0xA5,0xAC,
  0xC9,0x48,0xF0,0x1D,0xA9,0x01,0x8D,0x00,0x18,0xA5,0xAC,0x18,0x69,0x02,0x85,0xAC,
  0x85,0xAB,0x20,0xE7,0x67,0x8D,0x02,0x18,0xA9,0x04,0x20,0xCB,0x67,0x8D,0x01,0x18,
  0x60,0xA5,0xA7,0x29,0x08,0xD0,0x0E,0xA9,0x01,0x20,0xED,0x67,0xA9,0x06,0x20,0xCB,
  0x67,0x8D,0x01,0x18,0x60,0xA9,0x01,0x20,0xF2,0x67,0xA9,0x41,0x8D,0x01,0x18,0xE6,
  0xA6,0xA5,0xA6,0x29,0x7F,0x85,0xA6,0x60,0xA5,0xA7,0x29,0x01,0xF0,0x33,0xA5,0xA7,
  0x29,0x04,0xD0,0x2E,0xA5,0xAB,0xC5,0xAD,0x90,0x05,0xA9,0x02,0x20,0xED,0x67,0xA9,
  0x01,0x8D,0x08,0x18,0xA9,0x70,0x8D,0x09,0x18,0xA5,0xAB,0x18,0x69,0x05,0x85,0xAB,
  0x20,0xE7,0x67,0x8D,0x0A,0x18,0xA5,0xAB,0xC9,0xD1,0x90,0x05,0xA9,0x04,0x20,0xED,
  0x67,0x60,0xA9,0x03,0x8D,0x08,0x18,0xA9,0x70,0x8D,0x09,0x18,0xA5,0xAB,0x38,0xE9,
  0x04,0x85,0xAB,0x20,0xE7,0x67,0x8D,0x0A,0x18,0xA5,0xAB,0xC5,0xAC,0xB0,0xE2,0xA9,
  0x01,0x20,0xF2,0x67,0xA9,0x08,0x20,0xED,0x67,0xA9,0x40,0x8D,0x09,0x18,0x60,0x20,
  0xB8,0x64,0x20,0x37,0x65,0x4C,0x97,0x63,0xA5,0xA7,0x29,0x02,0xF0,0x73,0xA5,0xA7,
  0x29,0x01,0xD0,0x25,0xA9,0x01,0x8D,0x00,0x18,0xA5,0xAC,0x18,0x69,0x02,0x85,0xAC,
  0x20,0xE7,0x67,0x8D,0x02,0x18,0xA9,0x04,0x20,0xCB,0x67,0x8D,0x01,0x18,0xA5,0xAC,
  0xC9,0x80,0x90,0x4D,0xA9,0x01,0x20,0xED,0x67,0xA9,0x01,0x8D,0x00,0x18,0xA6,0xB1,
  0xBD,0xF9,0x67,0x8D,0x01,0x18,0x86,0xB1,0xC9,0x42,0xF0,0x09,0xA5,0xA9,0xC9,0x04,
  0xB0,0x17,0xE6,0xA9,0x60,0xA5,0xA8,0xC9,0x04,0xD0,0x06,0xA9,0x02,0x20,0xF2,0x67,
  0x60,0x20,0xB6,0x65,0xA9,0x00,0x85,0xB1,0x60,0xBD,0xF9,0x67,0xC9,0x26,0xD0,0x0B,
  0xE6,0xA8,0xA6,0xA8,0xBD,0x32,0x65,0x05,0xA7,0x85,0xA7,0xE6,0xB1,0xA9,0x00,0x85,
  0xA9,0x60,0x00,0x04,0x08,0x10,0x00,0xA5,0xA8,0xC9,0x05,0xF0,0x1A,0xC9,0x04,0xF0,
  0x4A,0xC9,0x03,0xF0,0x40,0xC9,0x02,0xF0,0x36,0xC9,0x01,0xF0,0x2C,0xA5,0xAA,0xC9,
  0x90,0xD0,0x0A,0xA5,0xA8,0xF0,0x1C,0xA9,0x3F,0x20,0xF2,0x67,0x60,0x38,0xE9,0x02,
  0x85,0xAA,0x20,0xE7,0x67,0x8D,0x0E,0x18,0xA9,0x01,0x8D,0x0C,0x18,0xA9,0x30,0x8D,
  0x0D,0x18,0x60,0xA9,0x02,0x20,0xED,0x67,0x60,0xA9,0x31,0x8D,0x0D,0x18,0x60,0xA9,
  0x32,0x8D,0x0D,0x18,0x60,0xA9,0x1E,0x8D,0x0D,0x18,0x60,0xA9,0x01,0x8D,0x0C,0x18,
  0xA5,0xAA,0x18,0x69,0x02,0x85,0xAA,0x20,0xE7,0x67,0x8D,0x0E,0x18,0xA9,0x08,0x20,
  0xCB,0x67,0x8D,0x0D,0x18,0xA5,0xAA,0xC9,0xFD,0x90,0x0A,0xA9,0x20,0x20,0xED,0x67,
  0x20,0xB6,0x65,0xE6,0xA8,0x60,0xA5,0xA7,0x29,0x04,0xD0,0x13,0xA5,0xA7,0x29,0x08,
  0xD0,0x2A,0xA5,0xA7,0x29,0x10,0xD0,0x41,0xA5,0xA7,0x29,0x20,0xD0,0x5D,0x60,0xA9,
  0x03,0x8D,0xF5,0x11,0xA9,0x01,0x8D,0xF6,0x11,0xA9,0x1A,0x8D,0xF7,0x11,0xA9,0x1E,
  0x8D,0xF8,0x11,0xA9,0x1D,0x8D,0xF9,0x11,0x20,0xC0,0x67,0x60,0xA9,0x06,0x8D,0xF5,
  0x11,0xA9,0x01,0x8D,0xF6,0x11,0xA9,0x1A,0x8D,0xF7,0x11,0xA9,0x1E,0x8D,0xF8,0x11,
  0xA9,0x1D,0x8D,0xF9,0x11,0x20,0xC0,0x67,0x60,0xA9,0x02,0x8D,0xF5,0x11,0xA9,0x01,
  0x8D,0xF6,0x11,0xA9,0x01,0x8D,0xF7,0x11,0xA9,0x1A,0x8D,0xF8,0x11,0xA9,0x1E,0x8D,
  0xF9,0x11,0xA9,0x1D,0x8D,0xFA,0x11,0x20,0xC0,0x67,0x60,0xA9,0x00,0x8D,0xF5,0x11,
  0x8D,0xF6,0x11,0x8D,0xF7,0x11,0x8D,0xF8,0x11,0x8D,0xF9,0x11,0x8D,0xFA,0x11,0xA9,
  0x01,0x8D,0x10,0x18,0xA9,0x7A,0x8D,0x11,0x18,0xA9,0x50,0x8D,0x12,0x18,0x20,0xC0,
  0x67,0xA9,0x02,0x20,0xF2,0x67,0xE6,0xA6,0xA5,0xA6,0x29,0x7F,0x85,0xA6,0x60,0x20,
  0x6B,0x66,0x20,0xBC,0x66,0x20,0x10,0x67,0x4C,0x97,0x63,0xA5,0xA7,0x29,0x01,0xF0,
  0x47,0xA5,0xAD,0xC9,0x90,0xB0,0x1B,0xA5,0xAD,0x18,0x69,0x02,0x85,0xAD,0x20,0xE7,
  0x67,0x8D,0x06,0x18,0xA9,0x01,0x8D,0x04,0x18,0xA9,0x00,0x20,0xCB,0x67,0x8D,0x05,
  0x18,0x60,0xA6,0xB2,0xBD,0xB9,0x66,0xC9,0x80,0xF0,0x13,0x8D,0x05,0x18,0xA5,0xB3,
  0xC9,0x05,0xB0,0x03,0xE6,0xB3,0x60,0xA9,0x00,0x85,0xB3,0xE6,0xB2,0x60,0xA9,0x01,
  0x20,0xF2,0x67,0xA9,0x02,0x20,0xED,0x67,0x60,0x87,0x86,0x80,0xA5,0xA7,0x29,0x02,
  0xD0,0x13,0xA9,0x1E,0x8D,0x0D,0x18,0xA5,0xAA,0x20,0xE7,0x67,0x8D,0x0E,0x18,0xA9,
  0x01,0x8D,0x0C,0x18,0x60,0xA5,0xA7,0x29,0x04,0xD0,0x0E,0xA9,0x1C,0x8D,0x0D,0x18,
  0xA5,0xAA,0x20,0xE7,0x67,0x8D,0x0E,0x18,0x60,0xA5,0xAA,0x69,0x02,0x85,0xAA,0x20,
  0xE7,0x67,0x8D,0x0E,0x18,0xA9,0x0A,0x20,0xCB,0x67,0x8D,0x0D,0x18,0xA5,0xAA,0xC9,
  0xFE,0x90,0x0C,0xA9,0x20,0x85,0xA7,0xA9,0x00,0x8D,0x0C,0x18,0x20,0xB6,0x65,0x60,
  0xA5,0xA7,0x29,0x04,0xD0,0x06,0xA5,0xA7,0x29,0x02,0xD0,0x13,0xA9,0x41,0x8D,0x01,
  0x18,0xA5,0xAC,0x20,0xE7,0x67,0x8D,0x02,0x18,0xA9,0x01,0x8D,0x00,0x18,0x60,0xA6,
  0xB1,0xBD,0xF9,0x67,0xC9,0x42,0xD0,0x06,0xA9,0x04,0x20,0xED,0x67,0x60,0x8D,0x01,
  0x18,0xA5,0xA9,0xC9,0x04,0xB0,0x03,0xE6,0xA9,0x60,0xE6,0xB1,0xA9,0x00,0x85,0xA9,
  0x60,0xA2,0xA7,0xA9,0x00,0x95,0x00,0xE8,0xE0,0xB4,0x90,0xF9,0xA5,0xA6,0x09,0x80,
  0x85,0xA6,0x29,0x0F,0xF0,0x09,0xC9,0x01,0xF0,0x11,0xC9,0x02,0xF0,0x1D,0x60,0xA9,
  0x70,0x8D,0x07,0x18,0x8D,0x03,0x18,0x8D,0x0B,0x18,0x60,0xA9,0xFE,0x85,0xAA,0xA9,
  0x70,0x8D,0x0F,0x18,0x8D,0x03,0x18,0x8D,0x13,0x18,0x60,0xA9,0x80,0x85,0xAC,0xA9,
  0x00,0x85,0xAD,0xA9,0x90,0x85,0xAA,0xA9,0x70,0x8D,0x03,0x18,0x8D,0x0F,0x18,0x8D,
  0x13,0x18,0xA9,0x60,0x8D,0x07,0x18,0xA9,0x01,0x20,0xED,0x67,0x60,0x20,0xB4,0x67,
  0x88,0xD0,0xFA,0x60,0xAD,0x00,0x20,0x30,0xFB,0xAD,0x00,0x20,0x10,0xFB,0x60,0x60,
  0xA0,0x30,0x20,0xAD,0x67,0xA9,0x3C,0x20,0xF2,0x67,0x60,0x85,0xB0,0xE6,0xAE,0xA5,
  0xAE,0xC9,0x04,0x90,0x06,0xE6,0xAF,0xA9,0x00,0x85,0xAE,0xA5,0xAF,0x29,0x01,0x18,
  0x65,0xB0,0xAA,0xBD,0xFF,0x67,0x60,0x18,0x69,0x07,0x49,0xFF,0x60,0x05,0xA7,0x85,
  0xA7,0x60,0x49,0xFF,0x25,0xA7,0x85,0xA7,0x60,0x24,0x25,0x26,0x25,0x24,0x42,0x80,
  0x81,0x91,0x92,0x42,0x43,0x46,0x47,0x98,0x99,0x9A,0x9B,0xA8,0x10,0xC0,0xB0,0x10,
  0xC0,0xB4,0x10,0xC0,0xB8,0x10,0xC0,0x24,0x11,0xC0,0x28,0x11,0xC0,0x2C,0x11,0xC0,
  0x34,0x11,0xC0,0xA8,0x11,0xC0,0xB0,0x11,0xC0,0xB4,0x11,0xC0,0xB8,0x11,0xC0,0x24,
  0x12,0xC0,0x28,0x12,0xC0,0x2C,0x12,0xC0,0x34,0x12,0xC0,0xA8,0x12,0xC0,0xB0,0x12,
  0xC0,0xB4,0x12,0xC0,0xB8,0x12,0xC0,0x24,0x13,0xC0,0x28,0x13,0xC0,0x2C,0x13,0xC0,
  0x34,0x13,0xC0,0xFF,0xFF,0xA4,0x10,0xC0,0xA6,0x10,0xC0,0xE4,0x10,0xC0,0xEE,0x10,
  0xC0,0xB6,0x10,0xC0,0xB8,0x10,0xC0,0xF8,0x10,0xC0,0x6E,0x11,0xC0,0xE6,0x11,0xC0,
  0xEA,0x11,0xC0,0xF2,0x11,0xC0,0xF6,0x11,0xC0,0x6E,0x12,0xC0,0xE4,0x12,0xC0,0x24,
  0x13,0xC0,0x26,0x13,0xC0,0xEE,0x12,0xC0,0xF8,0x12,0xC0,0x36,0x13,0xC0,0x38,0x13,
  0xC0,0xFF,0xFF,0xA6,0x10,0xC0,0xE4,0x10,0xC0,0xE8,0x10,0xC0,0xAE,0x10,0xC0,0xEC,
  0x10,0xC0,0xF0,0x10,0xC0,0xB6,0x10,0xC0,0xF4,0x10,0xC0,0xF8,0x10,0xC0,0x66,0x11,
  0xC0,0xE6,0x11,0xC0,0xEA,0x11,0xC0,0x66,0x12,0xC0,0x76,0x11,0xC0,0xF2,0x11,0xC0,
  0xF6,0x11,0xC0,0x76,0x12,0xC0,0xE6,0x12,0xC0,0x24,0x13,0xC0,0x28,0x13,0xC0,0xEE,
  0x12,0xC0,0x2C,0x13,0xC0,0x30,0x13,0xC0,0xF6,0x12,0xC0,0x34,0x13,0xC0,0x38,0x13,
  0xC0,0xFF,0xFF,0xA8,0x10,0xC0,0xE6,0x10,0xC0,0xE8,0x10,0xC0,0xEA,0x10,0xC0,0x28,
  0x11,0xC0,0xEE,0x10,0xC0,0xB4,0x10,0xC0,0xF2,0x10,0xC0,0xF4,0x10,0xC0,0xF6,0x10,
  0xC0,0x34,0x11,0xC0,0x64,0x11,0xC0,0x78,0x11,0xC0,0xE8,0x11,0xC0,0xF4,0x11,0xC0,
  0x64,0x12,0xC0,0x78,0x12,0xC0,0xA8,0x12,0xC0,0xE6,0x12,0xC0,0xE8,0x12,0xC0,0xEA,
  0x12,0xC0,0x28,0x13,0xC0,0xEE,0x12,0xC0,0xB4,0x12,0xC0,0xF2,0x12,0xC0,0xF4,0x12,
  0xC0,0xF6,0x12,0xC0,0x34,0x13,0xC0,0xFF,0xFF,0xA8,0x10,0xC0,0xAC,0x10,0xC0,0xB0,
  0x10,0xC0,0xB4,0x10,0xC0,0x24,0x11,0xC0,0x2C,0x11,0xC0,0x30,0x11,0xC0,0x38,0x11,
  0xC0,0xA4,0x11,0xC0,0xAC,0x11,0xC0,0xB0,0x11,0xC0,0xB8,0x11,0xC0,0x24,0x12,0xC0,
  0x2C,0x12,0xC0,0x30,0x12,0xC0,0x38,0x12,0xC0,0xA4,0x12,0xC0,0xAC,0x12,0xC0,0xB0,
  0x12,0xC0,0xB8,0x12,0xC0,0x28,0x13,0xC0,0x2C,0x13,0xC0,0x30,0x13,0xC0,0x34,0x13,
  0xC0,0xFF,0xFF,0xA8,0x10,0xC0,0xB4,0x10,0xC0,0x24,0x11,0xC0,0xEA,0x10,0xC0,0xF2,
  0x10,0xC0,0x38,0x11,0xC0,0x66,0x11,0xC0,0x76,0x11,0xC0,0xAC,0x11,0xC0,0xB0,0x11,
  0xC0,0x2C,0x12,0xC0,0x30,0x12,0xC0,0x66,0x12,0xC0,0x76,0x12,0xC0,0xA4,0x12,0xC0,
  0xEA,0x12,0xC0,0xF2,0x12,0xC0,0xB8,0x12,0xC0,0x28,0x13,0xC0,0x34,0x13,0xC0,0xFF,
  0xFF,0xA8,0x10,0xC0,0xAC,0x10,0xC0,0xB4,0x10,0xC0,0xB8,0x10,0xC0,0x24,0x11,0xC0,
  0x28,0x11,0xC0,0x30,0x11,0xC0,0x34,0x11,0xC0,0xA8,0x11,0xC0,0xAC,0x11,0xC0,0xB4,
  0x11,0xC0,0xB8,0x11,0xC0,0x24,0x12,0xC0,0x28,0x12,0xC0,0x30,0x12,0xC0,0x34,0x12,
  0xC0,0xA8,0x12,0xC0,0xAC,0x12,0xC0,0xB4,0x12,0xC0,0xB8,0x12,0xC0,0x24,0x13,0xC0,
  0x28,0x13,0xC0,0x30,0x13,0xC0,0x34,0x13,0xC0,0xFF,0xFF,0xA8,0x10,0xC0,0xE4,0x10,
  0xC0,0xEC,0x10,0xC0,0x28,0x11,0xC0,0xB4,0x10,0xC0,0xF0,0x10,0xC0,0xF8,0x10,0xC0,
  0x34,0x11,0xC0,0xA8,0x11,0xC0,0xE4,0x11,0xC0,0xEC,0x11,0xC0,0x28,0x12,0xC0,0xB4,
  0x11,0xC0,0xF0,0x11,0xC0,0xF8,0x11,0xC0,0x34,0x12,0xC0,0xA8,0x12,0xC0,0xE4,0x12,
  0xC0,0xEC,0x12,0xC0,0x28,0x13,0xC0,0xB4,0x12,0xC0,0xF0,0x12,0xC0,0xF8,0x12,0xC0,
  0x34,0x13,0xC0,0xFF,0xFF,0xA4,0x10,0x2E,0x01,0x2D,0x03,0x00,0x02,0x2D,0x03,0x2E,
  0x01,0xFE,0xC4,0x10,0x2E,0x01,0x2D,0x03,0x00,0x02,0x2D,0x03,0x2E,0x01,0xFE,0x30,
  0x11,0x2E,0x01,0x2D,0x03,0x00,0x02,0x2D,0x03,0x2E,0x01,0xFE,0x50,0x11,0x2E,0x01,
  0x2D,0x03,0x00,0x02,0x2D,0x03,0x2E,0x01,0xFE,0xA4,0x11,0x2E,0x01,0x2D,0x03,0x00,
  0x02,0x2D,0x03,0x2E,0x01,0xFE,0xC4,0x11,0x2E,0x01,0x2D,0x03,0x00,0x02,0x2D,0x03,
  0x2E,0x01,0xFE,0x30,0x12,0x2E,0x01,0x2D,0x03,0x00,0x02,0x2D,0x03,0x2E,0x01,0xFE,
  0x50,0x12,0x2E,0x01,0x2D,0x03,0x00,0x02,0x2D,0x03,0x2E,0x01,0xFE,0xA4,0x12,0x2E,
  0x01,0x2D,0x03,0x00,0x02,0x2D,0x03,0x2E,0x01,0xFE,0xC4,0x12,0x2E,0x01,0x2D,0x03,
  0x00,0x02,0x2D,0x03,0x2E,0x01,0xFE,0x30,0x13,0x2E,0x01,0x2D,0x03,0x00,0x02,0x2D,
  0x03,0x2E,0x01,0xFE,0x50,0x13,0x2E,0x01,0x2D,0x03,0x00,0x02,0x2D,0x03,0x2E,0x01,
  0xFF,0xEA,0x10,0x2E,0x01,0x2D,0x03,0x00,0x02,0x2D,0x03,0x2E,0x01,0xFE,0x0A,0x11,
  0x2E,0x01,0x2D,0x03,0x00,0x02,0x2D,0x03,0x2E,0x01,0xFE,0xEA,0x12,0x2E,0x01,0x2D,
  0x03,0x00,0x02,0x2D,0x03,0x2E,0x01,0xFE,0x0A,0x13,0x2E,0x01,0x2D,0x03,0x00,0x02,
  0x2D,0x03,0x2E,0x01,0xFE,0xCB,0x18,0x2E,0x01,0x2C,0x03,0x00,0x02,0x2C,0x03,0x2E,
  0x01,0xFE,0xEB,0x18,0x2E,0x01,0x2C,0x03,0x00,0x02,0x2C,0x03,0x2E,0x01,0xFE,0xCB,
  0x1A,0x2E,0x01,0x2C,0x03,0x00,0x02,0x2C,0x03,0x2E,0x01,0xFE,0xEB,0x1A,0x2E,0x01,
  0x2C,0x03,0x00,0x02,0x2C,0x03,0x2E,0x01,0xFF,0x64,0x11,0x2E,0x01,0x2D,0x01,0x00,
  0x02,0x2D,0x03,0x2E,0x01,0xFE,0x84,0x11,0x2E,0x01,0x2D,0x01,0x00,0x02,0x2D,0x02,
  0x2E,0x01,0xFE,0x72,0x11,0x2E,0x01,0x2D,0x03,0x00,0x02,0x2D,0x01,0x2E,0x01,0xFE,
  0x93,0x11,0x2E,0x01,0x2D,0x02,0x00,0x02,0x2D,0x01,0x2E,0x01,0xFE,0x64,0x12,0x2E,
  0x01,0x2D,0x01,0x00,0x02,0x2D,0x02,0x2E,0x01,0xFE,0x84,0x12,0x2E,0x01,0x2D,0x01,
  0x00,0x02,0x2D,0x03,0x2E,0x01,0xFE,0x73,0x12,0x2E,0x01,0x2D,0x02,0x00,0x02,0x2D,
  0x01,0x2E,0x01,0xFE,0x92,0x12,0x2E,0x01,0x2D,0x03,0x00,0x02,0x2D,0x01,0x2E,0x01,
  0xFE,0x4D,0x19,0x2C,0x02,0x00,0x02,0x2C,0x02,0xFE,0x6C,0x19,0x2C,0x03,0x00,0x02,
  0x2C,0x03,0xFE,0x6D,0x1A,0x2C,0x02,0x00,0x02,0x2C,0x02,0xFE,0x4C,0x1A,0x2C,0x03,
  0x00,0x02,0x2C,0x03,0xFF,0xE6,0x11,0x2D,0x02,0x00,0x02,0x2D,0x01,0x2E,0x01,0xFE,
  0x06,0x12,0x2D,0x02,0x00,0x02,0x2D,0x01,0x2E,0x01,0xFE,0xF2,0x11,0x2E,0x01,0x2D,
  0x01,0x00,0x02,0x2D,0x02,0xFE,0x12,0x12,0x2E,0x01,0x2D,0x01,0x00,0x02,0x2D,0x02,
  0xFE,0x89,0x18,0x2E,0x01,0x2C,0x01,0x00,0x02,0x2C,0x06,0x00,0x02,0x2C,0x01,0x2E,
  0x01,0xFE,0xA9,0x18,0x2E,0x01,0x2C,0x01,0x00,0x02,0x2C,0x02,0x2E,0x01,0x2E,0x01,
  0x2C,0x02,0x00,0x02,0x2C,0x01,0x2E,0x01,0xFE,0xC5,0x19,0x2E,0x01,0x2C,0x01,0x00,
  0x02,0x2C,0x01,0x2E,0x01,0xFE,0xE5,0x19,0x2E,0x01,0x2C,0x01,0x00,0x02,0x2C,0x01,
  0x2E,0x01,0xFE,0x29,0x1B,0x2E,0x01,0x2C,0x01,0x00,0x02,0x2C,0x06,0x00,0x02,0x2C,
  0x01,0x2E,0x01,0xFE,0x09,0x1B,0x2E,0x01,0x2C,0x01,0x00,0x02,0x2C,0x02,0x2E,0x01,
  0x2E,0x01,0x2C,0x02,0x00,0x02,0x2C,0x01,0x2E,0x01,0xFE,0xD5,0x19,0x2E,0x01,0x2C,
  0x01,0x00,0x02,0x2C,0x01,0x2E,0x01,0xFE,0xF5,0x19,0x2E,0x01,0x2C,0x01,0x00,0x02,
  0x2C,0x01,0x2E,0x01,0xFF,0xA4,0x10,0x2E,0x01,0x2D,0x02,0x2E,0x01,0xFE,0xC5,0x10,
  0x2E,0x01,0x2D,0x01,0x2E,0x01,0xFE,0xB6,0x10,0x2E,0x01,0x2D,0x02,0x2E,0x01,0xFE,
  0xD6,0x10,0x2E,0x01,0x2D,0x01,0x2E,0x01,0xFE,0x25,0x13,0x2E,0x01,0x2D,0x01,0x2E,
  0x01,0xFE,0x44,0x13,0x2E,0x01,0x2D,0x02,0x2E,0x01,0xFE,0x36,0x13,0x2E,0x01,0x2D,
  0x01,0x2E,0x01,0xFE,0x56,0x13,0x2E,0x01,0x2D,0x02,0x2E,0x01,0xFE,0x28,0x11,0x2E,
  0x01,0x2D,0x03,0x00,0x02,0x2D,0x02,0x00,0x02,0x2D,0x03,0x2E,0x01,0xFE,0x48,0x11,
  0x2E,0x01,0x2D,0x03,0x00,0x02,0x2D,0x02,0x00,0x02,0x2D,0x03,0x2E,0x01,0xFE,0xA8,
  0x11,0x2E,0x01,0x2D,0x03,0x00,0x02,0x2D,0x02,0x00,0x02,0x2D,0x03,0x2E,0x01,0xFE,
  0xC8,0x11,0x2E,0x01,0x2D,0x03,0x00,0x02,0x2D,0x02,0x00,0x02,0x2D,0x03,0x2E,0x01,
  0xFE,0x28,0x12,0x2E,0x01,0x2D,0x03,0x00,0x02,0x2D,0x02,0x00,0x02,0x2D,0x03,0x2E,
  0x01,0xFE,0x48,0x12,0x2E,0x01,0x2D,0x03,0x00,0x02,0x2D,0x02,0x00,0x02,0x2D,0x03,
  0x2E,0x01,0xFE,0xA8,0x12,0x2E,0x01,0x2D,0x03,0x00,0x02,0x2D,0x02,0x00,0x02,0x2D,
  0x03,0x2E,0x01,0xFE,0xC8,0x12,0x2E,0x01,0x2D,0x03,0x00,0x02,0x2D,0x02,0x00,0x02,
  0x2D,0x03,0x2E,0x01,0xFE,0x86,0x18,0x2C,0x02,0x2E,0x01,0xFE,0xA7,0x18,0x2C,0x01,
  0x2E,0x01,0xFE,0x07,0x1B,0x2C,0x01,0x2E,0x01,0xFE,0x26,0x1B,0x2C,0x02,0x2E,0x01,
  0xFE,0x97,0x18,0x2E,0x01,0x2C,0x02,0xFE,0xB7,0x18,0x2E,0x01,0x2C,0x01,0xFE,0x17,
  0x1B,0x2E,0x01,0x2C,0x01,0xFE,0x37,0x1B,0x2E,0x01,0x2C,0x02,0xFF,0xA4,0x10,0x2E,
  0x01,0x2D,0x03,0x00,0x02,0x2D,0x01,0x2E,0x01,0xFE,0xC5,0x10,0x2E,0x01,0x2D,0x02,
  0x00,0x02,0x2D,0x01,0x2E,0x01,0xFE,0xB2,0x10,0x2E,0x01,0x2D,0x01,0x00,0x02,0x2D,
  0x03,0x2E,0x01,0xFE,0xD2,0x10,0x2E,0x01,0x2D,0x01,0x00,0x02,0x2D,0x02,0x2E,0x01,
  0xFE,0x28,0x11,0x2E,0x01,0x2D,0x04,0x2E,0x01,0xFE,0x49,0x11,0x2E,0x01,0x2D,0x03,
  0x2E,0x01,0xFE,0x30,0x11,0x2E,0x01,0x2D,0x04,0x2E,0x01,0xFE,0x50,0x11,0x2E,0x01,
  0x2D,0x03,0x2E,0x01,0xFE,0xC8,0x12,0x2E,0x01,0x2D,0x04,0x2E,0x01,0xFE,0xA9,0x12,
  0x2E,0x01,0x2D,0x03,0x2E,0x01,0xFE,0xD0,0x12,0x2E,0x01,0x2D,0x04,0x2E,0x01,0xFE,
  0xB0,0x12,0x2E,0x01,0x2D,0x03,0x2E,0x01,0xFE,0x44,0x13,0x2E,0x01,0x2D,0x03,0x00,
  0x02,0x2D,0x01,0x2E,0x01,0xFE,0x25,0x13,0x2E,0x01,0x2D,0x02,0x00,0x02,0x2D,0x01,
  0x2E,0x01,0xFE,0x52,0x13,0x2E,0x01,0x2D,0x01,0x00,0x02,0x2D,0x03,0x2E,0x01,0xFE,
  0x32,0x13,0x2E,0x01,0x2D,0x01,0x00,0x02,0x2D,0x02,0x2E,0x01,0xFE,0x86,0x18,0x2C,
  0x03,0x00,0x02,0x2C,0x01,0x2E,0x01,0xFE,0xA7,0x18,0x2C,0x02,0x00,0x02,0x2C,0x01,
  0x2E,0x01,0xFE,0x07,0x1B,0x2C,0x02,0x00,0x02,0x2C,0x01,0x2E,0x01,0xFE,0x26,0x1B,
  0x2C,0x03,0x00,0x02,0x2C,0x01,0x2E,0x01,0xFE,0x0A,0x19,0x2C,0x04,0x2E,0x01,0xFE,
  0x2B,0x19,0x2C,0x03,0x2E,0x01,0xFE,0xAA,0x1A,0x2C,0x04,0x2E,0x01,0xFE,0x8B,0x1A,
  0x2C,0x03,0x2E,0x01,0xFE,0x11,0x19,0x2E,0x01,0x2C,0x04,0xFE,0x31,0x19,0x2E,0x01,
  0x2C,0x03,0xFE,0x91,0x1A,0x2E,0x01,0x2C,0x03,0xFE,0xB1,0x1A,0x2E,0x01,0x2C,0x04,
  0xFE,0x93,0x18,0x2E,0x01,0x2C,0x01,0x00,0x02,0x2C,0x03,0xFE,0xB3,0x18,0x2E,0x01,
  0x2C,0x01,0x00,0x02,0x2C,0x02,0xFE,0x13,0x1B,0x2E,0x01,0x2C,0x01,0x00,0x02,0x2C,
  0x02,0xFE,0x33,0x1B,0x2E,0x01,0x2C,0x01,0x00,0x02,0x2C,0x03,0xFF,0xA4,0x10,0x2E,
  0x01,0x2D,0x03,0x00,0x02,0x2D,0x02,0x00,0x02,0x2D,0x03,0x2E,0x01,0xFE,0xC4,0x10,
  0x2E,0x01,0x2D,0x03,0x00,0x02,0x2D,0x02,0x00,0x02,0x2D,0x03,0x2E,0x01,0xFE,0x2C,
  0x11,0x2E,0x01,0x2D,0x03,0x00,0x02,0x2D,0x02,0x00,0x02,0x2D,0x03,0x2E,0x01,0xFE,
  0x4C,0x11,0x2E,0x01,0x2D,0x03,0x00,0x02,0x2D,0x02,0x00,0x02,0x2D,0x03,0x2E,0x01,
  0xFE,0xA4,0x11,0x2E,0x01,0x2D,0x03,0x00,0x02,0x2D,0x02,0x00,0x02,0x2D,0x03,0x2E,
  0x01,0xFE,0xC4,0x11,0x2E,0x01,0x2D,0x03,0x00,0x02,0x2D,0x02,0x00,0x02,0x2D,0x03,
  0x2E,0x01,0xFE,0x2C,0x12,0x2E,0x01,0x2D,0x03,0x00,0x02,0x2D,0x02,0x00,0x02,0x2D,
  0x03,0x2E,0x01,0xFE,0x4C,0x12,0x2E,0x01,0x2D,0x03,0x00,0x02,0x2D,0x02,0x00,0x02,
  0x2D,0x03,0x2E,0x01,0xFE,0xA4,0x12,0x2E,0x01,0x2D,0x03,0x00,0x02,0x2D,0x02,0x00,
  0x02,0x2D,0x03,0x2E,0x01,0xFE,0xC4,0x12,0x2E,0x01,0x2D,0x03,0x00,0x02,0x2D,0x02,
  0x00,0x02,0x2D,0x03,0x2E,0x01,0xFE,0x2C,0x13,0x2E,0x01,0x2D,0x03,0x00,0x02,0x2D,
  0x02,0x00,0x02,0x2D,0x03,0x2E,0x01,0xFE,0x4C,0x13,0x2E,0x01,0x2D,0x03,0x00,0x02,
  0x2D,0x02,0x00,0x02,0x2D,0x03,0x2E,0x01,0xFF,0xA4,0x10,0x2E,0x01,0x2D,0x03,0x00,
  0x02,0x2D,0x03,0x2E,0x01,0xFE,0xC5,0x10,0x2E,0x01,0x2D,0x02,0x00,0x02,0x2D,0x02,
  0x2E,0x01,0xFE,0x25,0x11,0x2E,0x01,0x2D,0x02,0x00,0x02,0x2D,0x02,0x2E,0x01,0xFE,
  0x44,0x11,0x2E,0x01,0x2D,0x03,0x00,0x02,0x2D,0x03,0x2E,0x01,0xFE,0xB0,0x10,0x2E,
  0x01,0x2D,0x03,0x00,0x02,0x2D,0x03,0x2E,0x01,0xFE,0xD1,0x10,0x2E,0x01,0x2D,0x02,
  0x00,0x02,0x2D,0x02,0x2E,0x01,0xFE,0x31,0x11,0x2E,0x01,0x2D,0x02,0x00,0x02,0x2D,
  0x02,0x2E,0x01,0xFE,0x50,0x11,0x2E,0x01,0x2D,0x03,0x00,0x02,0x2D,0x03,0x2E,0x01,
  0xFE,0xA4,0x11,0x2E,0x01,0x2D,0x03,0x00,0x02,0x2D,0x03,0x2E,0x01,0xFE,0xC5,0x11,
  0x2E,0x01,0x2D,0x02,0x00,0x02,0x2D,0x02,0x2E,0x01,0xFE,0x25,0x12,0x2E,0x01,0x2D,
  0x02,0x00,0x02,0x2D,0x02,0x2E,0x01,0xFE,0x44,0x12,0x2E,0x01,0x2D,0x03,0x00,0x02,
  0x2D,0x03,0x2E,0x01,0xFE,0xB0,0x11,0x2E,0x01,0x2D,0x03,0x00,0x02,0x2D,0x03,0x2E,
  0x01,0xFE,0xD1,0x11,0x2E,0x01,0x2D,0x02,0x00,0x02,0x2D,0x02,0x2E,0x01,0xFE,0x31,
  0x12,0x2E,0x01,0x2D,0x02,0x00,0x02,0x2D,0x02,0x2E,0x01,0xFE,0x50,0x12,0x2E,0x01,
  0x2D,0x03,0x00,0x02,0x2D,0x03,0x2E,0x01,0xFE,0xA4,0x12,0x2E,0x01,0x2D,0x03,0x00,
  0x02,0x2D,0x03,0x2E,0x01,0xFE,0xC5,0x12,0x2E,0x01,0x2D,0x02,0x00,0x02,0x2D,0x02,
  0x2E,0x01,0xFE,0x25,0x13,0x2E,0x01,0x2D,0x02,0x00,0x02,0x2D,0x02,0x2E,0x01,0xFE,
  0x44,0x13,0x2E,0x01,0x2D,0x03,0x00,0x02,0x2D,0x03,0x2E,0x01,0xFE,0xB0,0x12,0x2E,
  0x01,0x2D,0x03,0x00,0x02,0x2D,0x03,0x2E,0x01,0xFE,0xD1,0x12,0x2E,0x01,0x2D,0x02,
  0x00,0x02,0x2D,0x02,0x2E,0x01,0xFE,0x31,0x13,0x2E,0x01,0x2D,0x02,0x00,0x02,0x2D,
  0x02,0x2E,0x01,0xFE,0x50,0x13,0x2E,0x01,0x2D,0x03,0x00,0x02,0x2D,0x03,0x2E,0x01,
  0xFE,0x86,0x18,0x2C,0x01,0x00,0x02,0x2C,0x01,0xFE,0xA6,0x19,0x2C,0x01,0x00,0x02,
  0x2C,0x01,0xFE,0x06,0x1A,0x2C,0x01,0x00,0x02,0x2C,0x01,0xFE,0x26,0x1B,0x2C,0x01,
  0x00,0x02,0x2C,0x01,0xFE,0x8E,0x18,0x2C,0x01,0x00,0x02,0x2C,0x01,0xFE,0xAE,0x19,
  0x2C,0x01,0x00,0x02,0x2C,0x01,0xFE,0x0E,0x1A,0x2C,0x01,0x00,0x02,0x2C,0x01,0xFE,
  0x2E,0x1B,0x2C,0x01,0x00,0x02,0x2C,0x01,0xFE,0x96,0x18,0x2C,0x01,0x00,0x02,0x2C,
  0x01,0xFE,0xB6,0x19,0x2C,0x01,0x00,0x02,0x2C,0x01,0xFE,0x16,0x1A,0x2C,0x01,0x00,
  0x02,0x2C,0x01,0xFE,0x36,0x1B,0x2C,0x01,0x00,0x02,0x2C,0x01,0xFF,0x48,0x8A,0x48,
  0x98,0x48,0xA5,0x47,0xD0,0x0D,0xA5,0x48,0xF0,0x03,0x4C,0xFB,0x71,0x68,0xA8,0x68,
  0xAA,0x68,0x60,0xA0,0x00,0x84,0x47,0xC5,0x23,0x85,0x23,0xF0,0xE9,0xC9,0x80,0xD0,
  0x0A,0x20,0x2C,0x73,0xA9,0x00,0x85,0x48,0x4C,0x5D,0x71,0xA9,0x00,0x85,0x25,0xA5,
  0x24,0xF0,0x06,0xC9,0x13,0xB0,0x02,0xE6,0x25,0xA5,0x23,0xC9,0x13,0xB0,0x02,0xE6,
  0x25,0x85,0x24,0xA5,0x25,0xC9,0x02,0xF0,0x62,0xA5,0x24,0x29,0x0F,0xA8,0xB9,0x76,
  0x73,0x85,0x26,0xB9,0x7E,0x73,0x85,0x27,0xB9,0x86,0x73,0x85,0x28,0xB9,0x8E,0x73,
  0x85,0x41,0xB9,0x96,0x73,0x85,0x42,0x98,0x0A,0xA8,0xB9,0x9E,0x73,0x85,0x32,0xB9,
  0x9F,0x73,0x85,0x33,0xB9,0xAE,0x73,0x85,0x34,0xB9,0xAF,0x73,0x85,0x35,0xB9,0xBE,
  0x73,0x85,0x36,0xB9,0xBF,0x73,0x85,0x37,0xA9,0x00,0x85,0x38,0x85,0x39,0x85,0x3A,
  0x85,0x22,0xA4,0x25,0x85,0x25,0xC0,0x02,0xF0,0x0E,0xA2,0x05,0x95,0x3B,0xCA,0x10,
  0xFB,0x20,0x2C,0x73,0xA9,0x80,0x85,0x48,0x4C,0x5D,0x71,0xA5,0x48,0x10,0xF9,0xA9,
  0x07,0x8D,0x04,0x20,0xA9,0xF8,0x8D,0x05,0x20,0xA5,0x22,0x29,0x03,0xC9,0x03,0xD0,
  0x14,0xA5,0x25,0xC9,0x02,0xD0,0x0B,0xA5,0x38,0x05,0x39,0x05,0x3A,0xD0,0x03,0x4C,
  0x99,0x71,0x4C,0xC0,0x72,0xA5,0x22,0xAA,0x0A,0xA8,0xB9,0x32,0x00,0x18,0x79,0x3B,
  0x00,0x85,0x43,0xB9,0x33,0x00,0x79,0x3C,0x00,0x85,0x44,0xB5,0x38,0xD0,0x66,0xA0,
  0x00,0xB1,0x43,0xC9,0x80,0xF0,0x6B,0xC9,0x81,0xD0,0x03,0x4C,0xB7,0x72,0xC9,0x83,
  0xF0,0x86,0x85,0x45,0xC8,0xA6,0x41,0xA9,0x00,0x18,0x71,0x43,0xCA,0x10,0xFA,0xA6,
  0x22,0x95,0x38,0xA6,0x42,0xA9,0x00,0x18,0x71,0x43,0xCA,0x10,0xFA,0xA6,0x22,0x95,
  0x2C,0x8A,0x0A,0xA8,0xB9,0x3B,0x00,0x18,0x69,0x02,0x99,0x3B,0x00,0xB9,0x3C,0x00,
  0x69,0x00,0x99,0x3C,0x00,0x20,0xE0,0x72,0xB5,0x26,0x95,0x29,0xA9,0x00,0x95,0x2F,
  0x8A,0x0A,0x8D,0x04,0x20,0xA8,0xA5,0x45,0x8D,0x05,0x20,0xC8,0x98,0x8D,0x04,0x20,
  0xA5,0x46,0x8D,0x05,0x20,0xBD,0xBD,0x72,0x8D,0x04,0x20,0xB5,0x29,0x8D,0x05,0x20,
  0xD6,0x38,0xE6,0x22,0x4C,0xFB,0x71,0x20,0x2C,0x73,0x4C,0x5D,0x71,0x08,0x09,0x0A,
  0xA2,0x00,0x86,0x22,0xF6,0x2F,0xB5,0x29,0xF0,0x0E,0xB5,0x2F,0xD5,0x2C,0xD0,0x08,
  0xA9,0x00,0x95,0x2F,0xD6,0x29,0xD6,0x29,0xE8,0xE0,0x03,0xD0,0xE7,0x4C,0x5D,0x71,
  0x8A,0x48,0x98,0x48,0xA5,0x45,0xF0,0x23,0x48,0x29,0x0F,0xAA,0xBD,0x14,0x73,0x85,
  0x45,0xBD,0x20,0x73,0x85,0x46,0x68,0x4A,0x4A,0x4A,0x4A,0xF0,0x01,0xAA,0x18,0x46,
  0x46,0x66,0x45,0xCA,0xD0,0xF8,0x68,0xA8,0x68,0xAA,0x60,0xA9,0x00,0x85,0x45,0x85,
  0x46,0x4C,0x06,0x73,0x32,0x90,0xF8,0x6A,0xE2,0x62,0xEA,0x78,0x0C,0xA8,0x4E,0xEE,
  0x0B,0x0A,0x09,0x09,0x08,0x08,0x07,0x07,0x07,0x06,0x06,0x05,0xA2,0x00,0xBD,0x56,
  0x73,0x8D,0x04,0x20,0xE8,0xBD,0x56,0x73,0x8D,0x05,0x20,0xE8,0xE0,0x20,0x90,0xEE,
  0x60,0xA2,0x00,0xBD,0x56,0x73,0x8D,0x06,0x20,0xE8,0xBD,0x56,0x73,0x8D,0x07,0x20,
  0xE8,0xE0,0x20,0x90,0xEE,0x60,0x00,0x00,0x01,0x00,0x02,0x00,0x03,0x00,0x04,0x00,
  0x05,0x00,0x06,0x00,0x07,0xFF,0x08,0x00,0x09,0x00,0x0A,0x00,0x0B,0x00,0x0C,0x00,
  0x0D,0x00,0x0E,0x00,0x0F,0x00,0x0F,0x0F,0x00,0x0F,0x0F,0x0F,0x0F,0x0F,0x0D,0x0D,
  0x00,0x0C,0x0F,0x0F,0x0C,0x0F,0x0E,0x0E,0x00,0x0D,0x0F,0x0F,0x0F,0x0D,0x04,0x09,
  0x00,0x03,0x04,0x04,0x04,0x04,0x01,0x01,0x00,0x01,0x01,0x01,0x01,0x01,0xCE,0x73,
  0xCE,0x73,0x1B,0x77,0x1E,0x77,0xAD,0x77,0xD0,0x77,0x33,0x78,0x99,0x79,0xAB,0x74,
  0xAB,0x74,0x1C,0x77,0x5B,0x77,0xB6,0x77,0x11,0x78,0xA8,0x78,0x79,0x79,0x44,0x75,
  0x44,0x75,0x1D,0x77,0x70,0x77,0xBF,0x77,0x32,0x78,0xEF,0x78,0x84,0x79,0x44,0x04,
  0x44,0x02,0x42,0x02,0x40,0x04,0x42,0x02,0x44,0x02,0x45,0x04,0x49,0x04,0x50,0x02,
  0x50,0x02,0x4B,0x02,0x49,0x02,0x47,0x04,0x47,0x02,0x45,0x02,0x44,0x02,0x44,0x02,
  0x42,0x02,0x40,0x02,0x42,0x02,0x47,0x02,0x47,0x02,0x46,0x01,0x47,0x01,0x47,0x01,
  0x47,0x01,0x49,0x02,0x47,0x01,0x45,0x01,0x44,0x01,0x42,0x01,0x44,0x04,0x44,0x02,
  0x42,0x02,0x40,0x04,0x42,0x02,0x44,0x02,0x45,0x04,0x49,0x04,0x50,0x02,0x50,0x02,
  0x4B,0x02,0x49,0x02,0x47,0x04,0x50,0x02,0x47,0x02,0x42,0x02,0x45,0x02,0x44,0x02,
  0x42,0x02,0x40,0x0C,0x00,0x04,0x37,0x04,0x3B,0x02,0x40,0x02,0x42,0x02,0x42,0x02,
  0x40,0x02,0x3B,0x02,0x37,0x04,0x40,0x02,0x42,0x02,0x44,0x02,0x44,0x02,0x42,0x02,
  0x40,0x02,0x37,0x04,0x3B,0x02,0x40,0x02,0x42,0x02,0x42,0x02,0x40,0x02,0x3B,0x02,
  0x40,0x02,0x50,0x02,0x50,0x02,0x49,0x02,0x47,0x02,0x49,0x01,0x42,0x02,0x44,0x01,
  0x43,0x01,0x42,0x01,0x37,0x04,0x3B,0x02,0x40,0x02,0x42,0x02,0x42,0x02,0x40,0x02,
  0x3B,0x02,0x40,0x04,0x42,0x02,0x42,0x02,0x44,0x02,0x44,0x02,0x42,0x02,0x44,0x02,
  0x45,0x02,0x44,0x02,0x45,0x02,0x46,0x02,0x47,0x02,0x49,0x02,0x4B,0x02,0x47,0x02,
  0x50,0x08,0x00,0x02,0x49,0x02,0x47,0x02,0x45,0x02,0x83,0x20,0x04,0x17,0x04,0x20,
  0x04,0x17,0x04,0x25,0x04,0x20,0x04,0x25,0x04,0x20,0x04,0x20,0x04,0x17,0x04,0x20,
  0x02,0x20,0x02,0x1B,0x02,0x19,0x02,0x17,0x04,0x1B,0x04,0x22,0x02,0x17,0x02,0x19,
  0x02,0x1B,0x02,0x20,0x04,0x17,0x04,0x20,0x04,0x17,0x04,0x25,0x04,0x20,0x04,0x25,
  0x02,0x25,0x02,0x24,0x02,0x22,0x02,0x20,0x04,0x17,0x04,0x1B,0x04,0x12,0x04,0x20,
  0x04,0x17,0x04,0x20,0x02,0x20,0x02,0x1B,0x02,0x19,0x02,0x17,0x04,0x22,0x04,0x17,
  0x04,0x22,0x04,0x20,0x04,0x17,0x04,0x20,0x04,0x1B,0x02,0x19,0x02,0x17,0x04,0x22,
  0x04,0x17,0x04,0x22,0x04,0x20,0x02,0x00,0x08,0x20,0x02,0x1B,0x02,0x19,0x02,0x17,
  0x04,0x22,0x04,0x17,0x04,0x22,0x04,0x20,0x04,0x17,0x04,0x20,0x02,0x20,0x02,0x22,
  0x02,0x24,0x02,0x25,0x04,0x22,0x04,0x1B,0x04,0x17,0x04,0x20,0x04,0x17,0x04,0x20,
  0x04,0x00,0x04,0x83,0x54,0x01,0x64,0x01,0x54,0x01,0x64,0x01,0x54,0x01,0x64,0x01,
  0x52,0x01,0x62,0x01,0x50,0x01,0x60,0x01,0x50,0x01,0x60,0x01,0x52,0x01,0x62,0x01,
  0x54,0x01,0x64,0x01,0x55,0x01,0x65,0x01,0x55,0x01,0x65,0x01,0x59,0x01,0x69,0x01,
  0x59,0x01,0x69,0x01,0x50,0x01,0x60,0x01,0x50,0x01,0x60,0x01,0x5B,0x01,0x6B,0x01,
  0x59,0x01,0x69,0x01,0x57,0x01,0x67,0x01,0x57,0x01,0x67,0x01,0x57,0x01,0x67,0x01,
  0x55,0x01,0x65,0x01,0x54,0x01,0x64,0x01,0x54,0x01,0x64,0x01,0x52,0x01,0x62,0x01,
  0x50,0x01,0x60,0x01,0x52,0x01,0x62,0x01,0x50,0x01,0x60,0x01,0x5B,0x01,0x6B,0x01,
  0x59,0x01,0x69,0x01,0x57,0x01,0x67,0x01,0x55,0x01,0x65,0x01,0x54,0x01,0x64,0x01,
  0x52,0x01,0x62,0x01,0x54,0x01,0x64,0x01,0x54,0x01,0x64,0x01,0x54,0x01,0x64,0x01,
  0x52,0x01,0x62,0x01,0x50,0x01,0x60,0x01,0x50,0x01,0x60,0x01,0x52,0x01,0x62,0x01,
  0x54,0x01,0x64,0x01,0x55,0x01,0x65,0x01,0x55,0x01,0x65,0x01,0x59,0x01,0x69,0x01,
  0x59,0x01,0x69,0x01,0x50,0x01,0x60,0x01,0x50,0x01,0x60,0x01,0x5B,0x01,0x6B,0x01,
  0x59,0x01,0x69,0x01,0x57,0x01,0x67,0x01,0x57,0x01,0x67,0x01,0x50,0x01,0x60,0x01,
  0x57,0x01,0x67,0x01,0x52,0x01,0x62,0x01,0x55,0x01,0x65,0x01,0x54,0x01,0x64,0x01,
  0x52,0x01,0x62,0x01,0x50,0x01,0x60,0x01,0x55,0x01,0x65,0x01,0x54,0x01,0x64,0x01,
  0x52,0x01,0x62,0x01,0x50,0x01,0x00,0x01,0x00,0x06,0x57,0x01,0x67,0x01,0x57,0x01,
  0x67,0x01,0x5B,0x01,0x6B,0x01,0x50,0x01,0x60,0x01,0x52,0x01,0x62,0x01,0x52,0x01,
  0x62,0x01,0x50,0x01,0x60,0x01,0x5B,0x01,0x6B,0x01,0x57,0x01,0x67,0x01,0x57,0x01,
  0x67,0x01,0x50,0x01,0x60,0x01,0x52,0x01,0x62,0x01,0x54,0x01,0x64,0x01,0x54,0x01,
  0x64,0x01,0x52,0x01,0x62,0x01,0x50,0x01,0x60,0x01,0x57,0x01,0x67,0x01,0x57,0x01,
  0x67,0x01,0x5B,0x01,0x6B,0x01,0x50,0x01,0x60,0x01,0x52,0x01,0x62,0x01,0x52,0x01,
  0x62,0x01,0x50,0x01,0x60,0x01,0x5B,0x01,0x6B,0x01,0x50,0x01,0x00,0x01,0x00,0x08,
  0x00,0x06,0x57,0x01,0x67,0x01,0x57,0x01,0x67,0x01,0x5B,0x01,0x6B,0x01,0x50,0x01,
  0x60,0x01,0x52,0x01,0x62,0x01,0x52,0x01,0x62,0x01,0x50,0x01,0x60,0x01,0x5B,0x01,
  0x6B,0x01,0x50,0x01,0x60,0x01,0x50,0x01,0x60,0x01,0x52,0x01,0x62,0x01,0x52,0x01,
  0x62,0x01,0x54,0x01,0x64,0x01,0x54,0x01,0x64,0x01,0x52,0x01,0x62,0x01,0x54,0x01,
  0x64,0x01,0x65,0x01,0x55,0x01,0x64,0x01,0x54,0x01,0x65,0x01,0x55,0x01,0x66,0x01,
  0x56,0x01,0x67,0x01,0x57,0x01,0x69,0x01,0x59,0x01,0x6B,0x01,0x5B,0x01,0x67,0x01,
  0x57,0x01,0x60,0x01,0x50,0x01,0x69,0x01,0x59,0x01,0x67,0x01,0x57,0x01,0x64,0x01,
  0x54,0x01,0x60,0x02,0x59,0x02,0x67,0x02,0x55,0x02,0x83,0x80,0x80,0x80,0x39,0x02,
  0x39,0x01,0x39,0x01,0x39,0x02,0x3A,0x02,0x40,0x02,0x3A,0x02,0x39,0x02,0x39,0x01,
  0x39,0x01,0x39,0x02,0x37,0x02,0x35,0x02,0x37,0x02,0x39,0x02,0x39,0x01,0x39,0x01,
  0x39,0x02,0x3A,0x02,0x40,0x02,0x3A,0x02,0x39,0x02,0x39,0x01,0x39,0x01,0x39,0x02,
  0x37,0x02,0x35,0x02,0x37,0x02,0x39,0x04,0x00,0x08,0x81,0x19,0x08,0x15,0x04,0x19,
  0x08,0x12,0x04,0x19,0x08,0x15,0x04,0x19,0x08,0x12,0x04,0x19,0x04,0x00,0x08,0x81,
  0x59,0x02,0x59,0x01,0x59,0x01,0x59,0x02,0x5A,0x02,0x60,0x02,0x5A,0x02,0x59,0x02,
  0x59,0x01,0x59,0x01,0x59,0x02,0x57,0x02,0x55,0x02,0x57,0x02,0x59,0x02,0x59,0x01,
  0x59,0x01,0x59,0x02,0x5A,0x02,0x60,0x02,0x5A,0x02,0x59,0x02,0x59,0x01,0x59,0x01,
  0x59,0x02,0x57,0x02,0x55,0x02,0x57,0x02,0x59,0x04,0x00,0x08,0x81,0x40,0x08,0x3B,
  0x08,0x40,0x08,0x00,0x08,0x81,0x44,0x08,0x42,0x08,0x44,0x08,0x00,0x08,0x81,0x47,
  0x08,0x47,0x08,0x47,0x04,0x50,0x01,0x54,0x01,0x57,0x01,0x60,0x08,0x00,0x01,0x81,
  0x43,0x02,0x45,0x02,0x47,0x02,0x48,0x02,0x47,0x02,0x45,0x02,0x43,0x02,0x42,0x02,
  0x42,0x02,0x43,0x02,0x45,0x02,0x42,0x02,0x43,0x01,0x42,0x01,0x43,0x01,0x45,0x01,
  0x43,0x02,0x3A,0x02,0x43,0x02,0x45,0x02,0x47,0x02,0x48,0x02,0x47,0x02,0x45,0x02,
  0x43,0x02,0x42,0x02,0x42,0x02,0x43,0x02,0x45,0x02,0x42,0x02,0x43,0x06,0x00,0x02,
  0x81,0x13,0x04,0x00,0x04,0x13,0x04,0x00,0x04,0x13,0x04,0x00,0x04,0x13,0x04,0x00,
  0x04,0x13,0x04,0x00,0x04,0x13,0x04,0x00,0x04,0x13,0x04,0x00,0x04,0x13,0x04,0x00,
  0x04,0x81,0x80,0x51,0x02,0x50,0x02,0x51,0x06,0x4B,0x02,0x51,0x02,0x4B,0x02,0x49,
  0x02,0x48,0x02,0x49,0x06,0x48,0x02,0x49,0x02,0x48,0x02,0x46,0x02,0x45,0x02,0x46,
  0x06,0x44,0x02,0x42,0x02,0x41,0x02,0x42,0x02,0x41,0x02,0x3B,0x06,0x3B,0x01,0x41,
  0x01,0x43,0x01,0x44,0x01,0x46,0x01,0x4B,0x01,0x52,0x02,0x52,0x04,0x52,0x02,0x51,
  0x01,0x4B,0x01,0x49,0x02,0x44,0x02,0x49,0x02,0x4B,0x02,0x4B,0x04,0x4B,0x02,0x49,
  0x01,0x48,0x01,0x46,0x02,0x41,0x02,0x46,0x02,0x47,0x02,0x42,0x02,0x47,0x02,0x42,
  0x02,0x47,0x02,0x49,0x02,0x4A,0x02,0x50,0x02,0x52,0x04,0x51,0x01,0x51,0x01,0x51,
  0x01,0x51,0x01,0x56,0x04,0x00,0x04,0x83,0x21,0x06,0x21,0x02,0x21,0x04,0x1B,0x04,
  0x19,0x06,0x19,0x02,0x19,0x04,0x18,0x04,0x16,0x06,0x16,0x02,0x16,0x04,0x14,0x04,
  0x16,0x06,0x1B,0x02,0x1B,0x04,0x00,0x04,0x22,0x02,0x22,0x04,0x22,0x02,0x21,0x04,
  0x00,0x04,0x1B,0x02,0x1B,0x04,0x1B,0x02,0x19,0x04,0x00,0x04,0x12,0x04,0x12,0x04,
  0x12,0x04,0x12,0x04,0x12,0x02,0x00,0x02,0x11,0x04,0x16,0x04,0x00,0x04,0x83,0x41,
  0x02,0x40,0x02,0x41,0x06,0x3B,0x02,0x41,0x02,0x3B,0x02,0x39,0x02,0x38,0x02,0x39,
  0x06,0x38,0x02,0x39,0x02,0x38,0x02,0x36,0x02,0x35,0x02,0x36,0x06,0x34,0x02,0x32,
  0x02,0x31,0x02,0x32,0x02,0x31,0x02,0x2C,0x06,0x2C,0x01,0x31,0x01,0x33,0x01,0x34,
  0x01,0x36,0x01,0x3B,0x01,0x42,0x02,0x42,0x04,0x42,0x02,0x41,0x01,0x3B,0x01,0x39,
  0x02,0x34,0x02,0x39,0x02,0x3B,0x02,0x3B,0x04,0x3B,0x02,0x39,0x01,0x38,0x01,0x36,
  0x02,0x31,0x02,0x36,0x02,0x37,0x02,0x32,0x02,0x37,0x02,0x32,0x02,0x37,0x02,0x39,
  0x02,0x3A,0x02,0x40,0x02,0x42,0x04,0x41,0x01,0x41,0x01,0x41,0x01,0x41,0x01,0x36,
  0x04,0x00,0x04,0x83,0x37,0x04,0x42,0x04,0x37,0x04,0x42,0x04,0x37,0x02,0x42,0x02,
  0x40,0x02,0x43,0x02,0x42,0x04,0x00,0x04,0x81,0x17,0x08,0x17,0x08,0x17,0x08,0x17,
  0x06,0x00,0x02,0x81,0x47,0x04,0x52,0x04,0x47,0x04,0x52,0x04,0x47,0x02,0x52,0x02,
  0x50,0x02,0x53,0x02,0x52,0x04,0x00,0x04,0x81,0x80,0xA5,0x1B,0xF0,0x03,0x4C,0x8E,
  0x7B,0xA5,0x1A,0xD0,0x11,0xA5,0x1C,0x0A,0xAA,0xBD,0xB7,0x79,0x85,0x1D,0xBD,0xB8,
  0x79,0x85,0x1E,0x6C,0x1D,0x00,0x60,0xB6,0x79,0xC3,0x79,0x0A,0x7A,0x5F,0x7A,0xB6,
  0x7A,0x10,0x7B,0xAD,0x00,0x05,0xD0,0x36,0xAC,0x05,0x05,0xAD,0x0A,0x05,0x85,0x1F,
  0xAD,0x0B,0x05,0x85,0x20,0xB1,0x1F,0xC9,0x81,0xF0,0x27,0x85,0x1D,0x0A,0x85,0x1E,
  0xA9,0x04,0x8D,0x06,0x20,0xA5,0x1D,0x8D,0x07,0x20,0xA9,0x02,0x8D,0x06,0x20,0xA5,
  0x1E,0x8D,0x07,0x20,0xC8,0xB1,0x1F,0x8D,0x00,0x05,0xC8,0x8C,0x05,0x05,0xCE,0x00,
  0x05,0x60,0xA9,0x00,0x85,0x1C,0x20,0x0C,0x7B,0x60,0xAD,0x01,0x05,0xD0,0x30,0xAD,
  0x0C,0x05,0x38,0xE9,0x10,0x85,0x1D,0xA9,0x04,0x8D,0x06,0x20,0xAD,0x0C,0x05,0x8D,
  0x07,0x20,0xA9,0x02,0x8D,0x06,0x20,0xA5,0x1D,0x8D,0x07,0x20,0xAD,0x0C,0x05,0xE9,
  0x10,0x8D,0x0C,0x05,0xCD,0x0D,0x05,0x90,0x0A,0xAD,0x14,0x05,0x8D,0x01,0x05,0xCE,
  0x01,0x05,0x60,0xAD,0x18,0x05,0x8D,0x0C,0x05,0xAD,0x19,0x05,0x8D,0x0D,0x05,0xCE,
  0x16,0x05,0xAD,0x16,0x05,0xD0,0x07,0xA9,0x00,0x85,0x1C,0x20,0x0C,0x7B,0x60,0xAD,
  0x02,0x05,0xD0,0x46,0xAC,0x07,0x05,0xA9,0x05,0x8D,0x06,0x20,0xAD,0x0E,0x05,0x85,
  0x1D,0xAD,0x0F,0x05,0x85,0x1E,0xB1,0x1D,0xC9,0x81,0xF0,0x32,0x8D,0x07,0x20,0xC8,
  0xA9,0x04,0x8D,0x06,0x20,0xB1,0x1D,0x8D,0x07,0x20,0xC8,0xA9,0x03,0x8D,0x06,0x20,
  0xB1,0x1D,0x8D,0x07,0x20,0xC8,0xA9,0x02,0x8D,0x06,0x20,0xB1,0x1D,0x8D,0x07,0x20,
  0xC8,0xB1,0x1D,0x8D,0x02,0x05,0xC8,0x8C,0x07,0x05,0xCE,0x02,0x05,0x60,0xA9,0x00,
  0x85,0x1C,0x20,0x0C,0x7B,0x60,0xAD,0x03,0x05,0xD0,0x31,0xAD,0x10,0x05,0x18,0x69,
  0x10,0x85,0x1D,0xA9,0x04,0x8D,0x06,0x20,0xAD,0x10,0x05,0x8D,0x07,0x20,0xA9,0x02,
  0x8D,0x06,0x20,0xA5,0x1D,0x8D,0x07,0x20,0xAD,0x10,0x05,0x18,0x69,0x10,0x8D,0x10,
  0x05,0xCD,0x11,0x05,0xB0,0x0A,0xAD,0x15,0x05,0x8D,0x03,0x05,0xCE,0x03,0x05,0x60,
  0xAD,0x1A,0x05,0x8D,0x10,0x05,0xAD,0x1B,0x05,0x8D,0x11,0x05,0xCE,0x17,0x05,0xAD,
  0x17,0x05,0xD0,0x07,0xA9,0x00,0x85,0x1C,0x20,0x0C,0x7B,0x60,0x20,0x41,0x73,0x60,
  0xAD,0x04,0x05,0xD0,0x48,0xAC,0x09,0x05,0xAD,0x12,0x05,0x85,0x1D,0xAD,0x13,0x05,
  0x85,0x1E,0xB1,0x1D,0xC9,0x81,0xF0,0x39,0xAA,0xA9,0x02,0x8D,0x06,0x20,0xBD,0x69,
  0x7B,0x8D,0x07,0x20,0xA9,0x03,0x8D,0x06,0x20,0xBD,0x71,0x7B,0x8D,0x07,0x20,0xA9,
  0x04,0x8D,0x06,0x20,0xBD,0x79,0x7B,0x8D,0x07,0x20,0xA9,0x05,0x8D,0x06,0x20,0xBD,
  0x81,0x7B,0x8D,0x07,0x20,0xA9,0x15,0x8D,0x04,0x05,0xEE,0x09,0x05,0xCE,0x04,0x05,
  0x60,0xA9,0x00,0x85,0x1C,0x20,0x0C,0x7B,0x60,0x66,0x3F,0x1C,0x0C,0xEF,0xD5,0xBD,
  0xB3,0x01,0x01,0x01,0x01,0x00,0x00,0x00,0x00,0x8E,0x86,0x77,0x6A,0x59,0x6A,0x5E,
  0x59,0x00,0x00,0x00,0x00,0x00,0x00,0x00,0x00,0x60,0x20,0x41,0x73,0x60,0xA0,0x00,
  0x84,0x1B,0x29,0x0F,0x0A,0xA8,0xC9,0x1A,0xB0,0xEF,0xB9,0xAA,0x7B,0x85,0x1D,0xB9,
  0xAB,0x7B,0x85,0x1E,0x20,0x41,0x73,0x6C,0x1D,0x00,0x8A,0x7B,0xC5,0x7B,0xF4,0x7B,
  0x23,0x7C,0x45,0x7C,0x67,0x7C,0x89,0x7C,0xB8,0x7C,0xE7,0x7C,0x16,0x7D,0x38,0x7D,
  0x5A,0x7D,0x89,0x7D,0x60,0xA9,0x02,0x85,0x1A,0x85,0x1C,0xA0,0x00,0xA9,0x0C,0x20,
  0x38,0x7E,0xA9,0xFF,0x8D,0x0C,0x05,0x8D,0x18,0x05,0xA9,0x00,0x8D,0x0D,0x05,0x8D,
  0x19,0x05,0xA9,0x06,0x8D,0x14,0x05,0xA9,0x01,0x8D,0x16,0x05,0xA9,0x00,0x8D,0x01,
  0x05,0x85,0x1A,0x60,0xA9,0x02,0x85,0x1A,0x85,0x1C,0xA0,0x50,0xA9,0x5C,0x20,0x38,
  0x7E,0xA9,0xA0,0x8D,0x0C,0x05,0x8D,0x18,0x05,0xA9,0x20,0x8D,0x0D,0x05,0x8D,0x19,
  0x05,0xA9,0x04,0x8D,0x14,0x05,0xA9,0x01,0x8D,0x16,0x05,0xA9,0x00,0x8D,0x01,0x05,
  0x85,0x1A,0x60,0xA9,0x05,0x85,0x1A,0x85,0x1C,0xA0,0x68,0xA9,0x74,0x20,0x38,0x7E,
  0xA9,0xF0,0x8D,0x12,0x05,0xA9,0x7E,0x8D,0x13,0x05,0xA9,0x00,0x85,0x1A,0x8D,0x04,
  0x05,0x8D,0x09,0x05,0x60,0xA9,0x01,0x85,0x1A,0x85,0x1C,0xA0,0x2C,0xA9,0x38,0x20,
  0x38,0x7E,0xA9,0x4D,0x8D,0x0A,0x05,0xA9,0x7E,0x8D,0x0B,0x05,0xA9,0x00,0x85,0x1A,
  0x8D,0x00,0x05,0x8D,0x05,0x05,0x60,0xA9,0x05,0x85,0x1A,0x85,0x1C,0xA0,0x74,0xA9,
  0x80,0x20,0x38,0x7E,0xA9,0xFF,0x8D,0x12,0x05,0xA9,0x7E,0x8D,0x13,0x05,0xA9,0x00,
  0x85,0x1A,0x8D,0x04,0x05,0x8D,0x09,0x05,0x60,0xA9,0x02,0x85,0x1A,0x85,0x1C,0xA0,
  0x38,0xA9,0x44,0x20,0x38,0x7E,0xA9,0xF0,0x8D,0x0C,0x05,0x8D,0x18,0x05,0xA9,0x00,
  0x8D,0x0D,0x05,0x8D,0x19,0x05,0xA9,0x06,0x8D,0x14,0x05,0xA9,0x01,0x8D,0x16,0x05,
  0xA9,0x00,0x8D,0x01,0x05,0x85,0x1A,0x60,0xA9,0x02,0x85,0x1A,0x85,0x1C,0xA0,0x5C,
  0xA9,0x68,0x20,0x38,0x7E,0xA9,0xF0,0x8D,0x0C,0x05,0x8D,0x18,0x05,0xA9,0x20,0x8D,
  0x0D,0x05,0x8D,0x19,0x05,0xA9,0x10,0x8D,0x14,0x05,0xA9,0x02,0x8D,0x16,0x05,0xA9,
  0x00,0x8D,0x01,0x05,0x85,0x1A,0x60,0xA9,0x02,0x85,0x1A,0x85,0x1C,0xA0,0x1A,0xA9,
  0x20,0x20,0x38,0x7E,0xA9,0x80,0x8D,0x0C,0x05,0x8D,0x18,0x05,0xA9,0x40,0x8D,0x0D,
  0x05,0x8D,0x19,0x05,0xA9,0x10,0x8D,0x14,0x05,0xA9,0x08,0x8D,0x16,0x05,0xA9,0x00,
  0x8D,0x01,0x05,0x85,0x1A,0x60,0xA9,0x03,0x85,0x1A,0x85,0x1C,0xA0,0x44,0xA9,0x50,
  0x20,0x38,0x7E,0xA9,0x9F,0x8D,0x0E,0x05,0xA9,0x7E,0x8D,0x0F,0x05,0xA9,0x00,0x8D,
  0x02,0x05,0x8D,0x07,0x05,0x85,0x1A,0x60,0xA9,0x01,0x85,0x1A,0x85,0x1C,0xA0,0x20,
  0xA9,0x2C,0x20,0x38,0x7E,0xA9,0x76,0x8D,0x0A,0x05,0xA9,0x7E,0x8D,0x0B,0x05,0xA9,
  0x00,0x85,0x1A,0x8D,0x00,0x05,0x8D,0x05,0x05,0x60,0xA9,0x04,0x85,0x1A,0x85,0x1C,
  0xA0,0x2C,0xA9,0x38,0x20,0x38,0x7E,0xA9,0x20,0x8D,0x10,0x05,0x8D,0x1A,0x05,0xA9,
  0x80,0x8D,0x11,0x05,0x8D,0x1B,0x05,0xA9,0x10,0x8D,0x15,0x05,0xA9,0x04,0x8D,0x17,
  0x05,0xA9,0x00,0x8D,0x03,0x05,0x85,0x1A,0x60,0xA9,0x02,0x85,0x1A,0x85,0x1C,0xA0,
  0x0C,0xA9,0x1A,0x20,0x38,0x7E,0xA9,0x80,0x8D,0x0C,0x05,0x8D,0x18,0x05,0xA9,0x00,
  0x8D,0x0D,0x05,0x8D,0x19,0x05,0xA9,0x02,0x8D,0x14,0x05,0xA9,0x05,0x8D,0x16,0x05,
  0xA9,0x00,0x8D,0x01,0x05,0x85,0x1A,0x60,0x07,0xF9,0x09,0x10,0x0A,0x10,0x0C,0x10,
  0x0B,0x00,0x0D,0x09,0x07,0xF8,0x08,0x10,0x09,0x10,0x0A,0x10,0x0B,0x00,0x0C,0xF0,
  0x0D,0x09,0x07,0xF9,0x09,0x0F,0x0A,0x0F,0x07,0xF9,0x09,0x10,0x0A,0x10,0x0B,0x00,
  0x0C,0x50,0x0D,0x09,0x07,0xF9,0x09,0x0F,0x0A,0x0F,0x0B,0x00,0x0C,0x30,0x0D,0x09,
  0x07,0xF9,0x09,0x10,0x0A,0x10,0x0B,0x00,0x0C,0x80,0x0D,0x09,0x07,0xF9,0x09,0x10,
  0x0A,0x10,0x0B,0x00,0x0C,0x50,0x0D,0x09,0x07,0xF9,0x09,0x10,0x0A,0x10,0x0B,0x00,
  0x0C,0x60,0x0D,0x09,0x07,0xF9,0x09,0x10,0x0A,0x10,0x0B,0x00,0x0C,0x30,0x0D,0x09,
  0x07,0xF9,0x09,0x10,0x0A,0x0F,0x0B,0x00,0x0C,0x10,0x0D,0x09,0x07,0xF9,0x09,0x10,
  0x0A,0x10,0x0B,0x00,0x0C,0x50,0x0D,0x09,0x85,0x21,0xB9,0xB8,0x7D,0x8D,0x06,0x20,
  0xC8,0xB9,0xB8,0x7D,0x8D,0x07,0x20,0xC8,0xC4,0x21,0xD0,0xEE,0x60,0x5E,0x0A,0x6A,
  0x0A,0x64,0x0A,0x70,0x0A,0x6A,0x0A,0x77,0x0A,0x70,0x0A,0x7E,0x0A,0x77,0x0A,0x86,
  0x0A,0x7E,0x0A,0x8E,0x0A,0x86,0x0A,0x96,0x0A,0x8E,0x0A,0x9F,0x0A,0x96,0x0A,0xA9,
  0x0A,0x9F,0x0A,0xB3,0x0A,0x81,0xB3,0x28,0x00,0x04,0x77,0x18,0x00,0x04,0x77,0x18,
  0x00,0x04,0x77,0x18,0x00,0x04,0x77,0x18,0x00,0x04,0x3B,0x10,0x00,0x04,0x59,0x10,
  0x00,0x04,0x59,0x10,0x00,0x04,0x59,0x10,0x00,0x04,0x59,0x30,0x00,0x04,0x81,0x0F,
  0xFF,0x00,0x00,0x0F,0x0D,0xFF,0x00,0x00,0x0F,0x0B,0xFF,0x00,0x00,0x0F,0x09,0xFF,
  0x00,0x00,0x0F,0x07,0xFF,0x00,0x00,0x0F,0x05,0xFF,0x00,0x00,0x0F,0x03,0xFF,0x00,
  0x00,0x0F,0x01,0xFF,0x00,0x00,0x0F,0x00,0xFF,0x00,0x00,0x0F,0x09,0x01,0x05,0x31,
  0x85,0x03,0xA0,0x08,0xA9,0x24,0x00,0x3B,0x0D,0xA9,0xDB,0x05,0x48,0x09,0x0D,0x85,
  0x09,0xA9,0x00,0x85,0x31,0x05,0x3E,0x05,0x43,0x4C,0x06,0x04,0x09,0x04,0x85,0x81,
  0x21,0x21,0x21,0x07,0x07,0x07,0x07,0x06,0x05,0x04,0x03,0x02,0x01,0x00,0x81,0x00,
  0x02,0x01,0x03,0x02,0x04,0x03,0x05,0x04,0x06,0x05,0x07,0x07,0x81,0xFF,0x00,0x00,
  0x00,0x00,0x00,0x00,0x00,0x00,0x00,0x00,0x00,0x00,0x00,0x00,0x00,0x00,0x00,0x00,
  0x00,0x00,0x00,0x00,0x00,0x00,0x00,0x00,0x00,0x00,0x00,0x00,0x00,0x00,0x00,0x00,
  0x00,0x00,0x00,0x00,0x00,0x00,0x00,0x00,0x00,0x00,0x00,0x00,0x00,0x00,0x00,0x00,
  0x00,0x00,0x00,0x00,0x00,0x00,0x00,0x00,0x00,0x00,0x00,0x00,0x00,0x00,0x00,0x00,
  0x00,0x00,0x00,0x00,0x00,0x00,0x00,0x00,0x00,0x00,0x00,0x00,0x00,0x00,0x00,0x00,
  0x00,0x00,0x00,0x00,0x00,0x00,0x00,0x00,0x00,0x00,0x00,0x00,0x00,0x00,0x00,0x00,
  0x00,0x00,0x00,0x00,0x00,0x00,0x00,0x00,0x00,0x00,0x00,0x00,0x00,0x00,0x00,0x00,
  0x00,0x00,0x00,0x00,0x00,0x00,0x00,0x00,0x00,0x00,0x00,0x00,0x00,0x00,0x00,0x00,
  0x00,0x00,0x00,0x00,0x00,0x00,0x00,0x00,0x00,0x00,0x00,0x00,0x00,0x00,0x00,0x00,
  0x00,0x00,0x00,0x00,0x00,0x00,0x00,0x00,0x00,0x00,0x00,0x00,0x00,0x00,0x00,0x00,
  0x00,0x00,0x00,0x00,0x00,0x00,0x00,0x00,0x00,0x00,0x00,0x00,0x00,0x00,0x00,0x00,
  0x00,0x00,0x00,0x00,0x00,0x00,0x00,0x00,0x00,0x00,0x00,0x00,0x00,0x00,0x00,0x00,
  0x00,0x00,0x00,0x00,0x00,0x00,0x00,0x00,0x00,0x00,0x00,0x00,0x00,0x00,0x00,0x00,
  0x00,0x00,0x00,0x00,0x00,0x00,0x00,0x00,0x00,0x00,0x00,0x00,0x00,0x00,0x00,0x00,
  0x00,0x00,0x00,0x00,0x00,0x00,0x00,0x00,0x00,0x00,0x00,0x30,0x03,0x30,0x06,0x30,
};
